"A 1998","ジャンル","曲 名","演奏者","演奏者2","演奏者3","演奏者4","演奏者5","演奏者6","演奏者7","伴奏","伴奏2","伴奏3","伴奏4","作詞者","補作","作曲者","作曲者2","編曲者","レーベル","レコード番号","シリアル番号","発売","備考","昭和館","場所","箱"
"01","歌謡曲","虹の花咲くニューヨーク航路","瀬川 伸",,,,,,,"タイヘイオーケストラ",,,,"山本逸朗",,"中井正彦",,"中井正彦","タイヘイ","Ⓗ10168","26-315",1951,,,,
"01","歌謡曲","燈台の流れ星","エト邦枝",,,,,,,"タイヘイオーケストラ",,,,"島田逸平",,"島田逸平",,"島田逸平","タイヘイ","Ⓗ10168","26-292A",1951,,,,
"01","歌謡曲","珊瑚の島へ船は行く","瀬川 伸",,,,,,,"タイヘイオーケストラ",,,,"山本逸朗",,"島田逸平",,"島田逸平","タイヘイ","Ⓗ10143",,1951,,,,
"01","歌謡曲","おぼこ可愛いや","瀬川 伸",,,,,,,"タイヘイオーケストラ",,,,"水原伊佐子",,"島田逸平",,"島田逸平","タイヘイ","Ⓗ10143","26-237",1951,,,,
"01","歌謡曲","泣くなんて馬鹿よ","豆千代",,,,,,,"タイヘイオーケストラ",,,,"牧 喜代司",,"島田逸平",,"島田逸平","タイヘイ","Ⓗ10198","26-370",1952,,,,
"01","流行歌","娘シャンソン","浅草紅香","伏見龍二",,,,,,"タイヘイオーケストラ",,,,"原 味津三",,"原 味津三",,"宇津美俊雄","タイヘイ","Ⓗ10198",,1952,,,,
"01","歌謡曲","新盆踊り","新橋喜代丸","井田照夫","奥山彩子",,,,,"タイヘイオーケストラ",,,,"小倉玄次",,"宇津美俊雄",,"宇津美俊雄","タイヘイ","Ⓗ10142","26-269",1951,"振付つき",,,
"01","歌謡曲","おけさ月夜","〆香(唄)","豊吉(三味線)",,,,,,"タイヘイオーケストラ",,,,"笛木俊雄",,"宇津美俊雄",,"宇津美俊雄","タイヘイ","Ⓗ10142","26-266",1951,"振付つき",,,
"01","歌謡曲","トラヂの言葉","野村雪子",,,,,,,"タイヘイオーケストラ",,,,"豊田一夫",,"豊田一夫",,"大森盛太郎","タイヘイ","Ⓗ10336","28-710",1953,,,,
"01","歌謡曲","おばこ追分","野村雪子",,,,,,,"タイヘイオーケストラ",,,,"豊田一夫",,"豊田一夫",,"大森盛太郎","タイヘイ","Ⓗ10336","28-706",1953,,,,
"06","映画主題歌","甲州鴉","瀬川 伸",,,,,,,"タイヘイオーケストラ",,,,"藤田まさと",,"飯田景応",,"飯田景応","タイヘイ","Ⓗ10328","28-682",1953,"大映『関の弥太ッペ』主題歌",,,
"06","映画主題歌","お小夜笛","野村雪子",,,,,,,"タイヘイオーケストラ",,,,"藤田まさと",,"島田逸平",,"島田逸平","タイヘイ","Ⓗ10328","28-683",1953,"大映『関の弥太ッペ』主題歌",,,
"06","映画主題歌","恋慕しぐれ","瀬川 伸(唄)","豆千代(唄)","音羽菊直(振付)",,,,,"タイヘイオーケストラ",,,,"山本逸朗",,"宇津美俊雄",,"宇津美俊雄","タイヘイ","Ⓗ10156","26-291",1951,"松竹『夏祭三度笠』主題歌",,,
"06","映画主題歌","夏祭三度笠","瀬川 伸(唄)","音羽菊直(振付)",,,,,,"タイヘイオーケストラ",,,,"藤田まさと",,"島田逸平",,"島田逸平","タイヘイ","Ⓗ10156","26-290",1951,"松竹『夏祭三度笠』主題歌",,,
"06","映画主題歌","朝焼け富士","瀬川 伸",,,,,,,"タイヘイオーケストラ",,,,"藤田まさと",,"島田逸平",,"島田逸平","タイヘイ","Ⓗ10298","28-629",1953,"東映『朝焼け富士』主題歌",,,
"06","映画主題歌","瀧夜叉姫の唄","浅草紅香",,,,,,,"タイヘイオーケストラ",,,,"山本逸朗",,"加賀谷 伸",,"袴田一郎","タイヘイ","Ⓗ10298","28-630",1953,"東映『朝焼け富士』主題歌",,,
"06","映画主題歌","愛怨夜曲","エト邦枝",,,,,,,"タイヘイオーケストラ",,,,"藤田まさと",,"飯田景応",,"飯田景応","タイヘイ","Ⓗ10227","27-443",1952,"東映『最後の顔役』主題歌",,,
"06","映画主題歌","最後の顔役","瀬川 伸",,,,,,,"タイヘイオーケストラ",,,,"藤田まさと",,"飯田景応",,"飯田景応","タイヘイ","Ⓗ10227","27-442",1952,"東映『最後の顔役』主題歌",,,
"01","流行歌","パチンコ節","浅草紅香","伏見龍二",,,,,,"タイヘイオーケストラ",,,,"藤田まさと",,"浦辺春夫",,"寺橋正和","タイヘイ","Hｰ10208","26-405",1951,,,,
"10","挿入歌","新ズッキン節","浅草紅香",,,,,,,"タイヘイオーケストラ",,,,"福田 茂",,"草笛道夫",,"草笛道夫","タイヘイ","Hｰ10208","26-404",1951,"何の挿入歌か不明",,,
"01","歌謡曲","あの港この港","瀬川 伸",,,,,,,"タイヘイオーケストラ",,,,"山本逸朗",,"織戸光次",,"大森盛太郎","タイヘイ","Ⓗ10117","26-330-1",1951,,,,
"01","歌謡曲","二人の夢は今宵だけ","エト邦枝",,,,,,,"タイヘイオーケストラ",,,,"山本逸朗",,"倉田三郎",,"島田逸平","タイヘイ","Ⓗ10117","26-331",1951,,,,
"01","歌謡曲","巴里の花売り娘","瀬川 伸",,,,,,,"タイヘイオーケストラ",,,,"山本逸朗",,"島田逸平",,"島田逸平","タイヘイ","Hｰ10127","26-218",1951,,,,
"01","歌謡曲","マドロスエレジー","藤島桓夫(唄)","細川潤一(ギター)",,,,,,"タイヘイオーケストラ",,,,"飛鳥井芳朗",,"鈴木 章",,"細川潤一","タイヘイ","Hｰ10127","26-21×",1951,,,,
"01","歌謡曲","遠州鴉","瀬川 伸",,,,,,,"タイヘイオーケストラ",,,,"牧 喜代司",,"島田逸平",,"島田逸平","タイヘイ","Ⓗ10319","28－671",1953,"振付つき",,,
"01","歌謡曲","馬子唄峠","野村雪子",,,,,,,"タイヘイオーケストラ",,,,"横山賢一",,"島田逸平",,"島田逸平","タイヘイ","Ⓗ10319","28－652",1953,,,,
"01","歌謡曲","港基隆モッカ売り","瀬川 伸",,,,,,,"タイヘイオーケストラ",,,,"山本逸朗",,"土岐武羅男",,"土岐武羅男","タイヘイ","H10253","27-532",1952,,,,
"01","歌謡曲","パラオ島よさらば","瀬川 伸",,,,,,,"タイヘイオーケストラ",,,,"柳瀬八郎",,"山田郁夫",,"堀田 実","タイヘイ","H10253","27-533",1952,,,,
"08","新民謡","炭坑節","新橋喜代丸",,,,,,,"豊吉(三味線)","タイヘイオーケストラ",,,"原 味津三",,"新民謡",,"細川潤一","タイヘイ","Ⓗ10097","25-150",1950,,,,
"08","新民謡","黒田節","井田照夫",,,,,,,"タイヘイオーケストラ",,,,"記載なし",,"新民謡",,"細川潤一","タイヘイ","Ⓗ10097","25-147",1950,,,,
"10","大阪鉄道局撰定歌","丘のそよかぜ","奥山彩子","タイヘイ女声コーラス",,,,,,"タイヘイオーケストラ",,,,"記載なし",,"記載なし",,,"タイヘイ","M-4","25-122",1950,"大阪鉄道局撰定",,,
"10","大阪鉄道局撰定歌","ハイキングの歌","牧 秀樹",,,,,,,"タイヘイオーケストラ",,,,"記載なし",,"記載なし",,,"タイヘイ","M-4","25-121",1950,"大阪鉄道局撰定",,,
"01","歌謡曲","別れの潮路","桜井 稔",,,,,,,"タイヘイオーケストラ",,,,"岬のぼる",,"大倉八郎",,"大倉八郎","タイヘイ","Ⓗ10167","26－304",1951,,,,
"01","歌謡曲","さらば港の赤い灯よ","藤島桓夫",,,,,,,"タイヘイオーケストラ",,,,"金子昌夫",,"上原賢六",,"上原賢六","タイヘイ","Ⓗ10167","26-117",1951,,,,
"01","流行歌","日本晴道中","藤島桓夫","豆千代",,,,,,"タイヘイオーケストラ",,,,"山本逸朗",,"飯田景応",,"飯田景応","タイヘイ","Ⓗ10250","27-488-1",1952,"振付つき",,,
"01","流行歌","そんな事知らない","豆千代",,,,,,,"タイヘイオーケストラ",,,,"牧 喜代司",,"島田逸平",,"島田逸平","タイヘイ","Ⓗ10250","27-486",1952,,,,
"01","流行歌","盆踊りブギ","〆香","三船耕二","タイヘイコーラス",,,,,"タイヘイオーケストラ",,,,"〆香・三船耕二",,"五味渕洸",,"細川潤一","タイヘイ","S5015","25-109",1950,,,,
"01","流行歌","ジョッキで乾杯","岬 好彦",,,,,,,"タイヘイオーケストラ",,,,"岬 好彦",,"五味渕洸",,"上原賢六","タイヘイ","S5015","25-110",1950,,,,
"01","流行歌","長崎の黒船祭り","瀬川 伸",,,,,,,"タイヘイオーケストラ",,,,"横山賢一",,"島田逸平",,"島田逸平","タイヘイ","Ⓗ10286","27-575-1",1952,,,,
"01","流行歌","マドロス人生","桜井 稔",,,,,,,"タイヘイオーケストラ",,,,"牧 喜代司",,"荒井かをる",,"飯田景応","タイヘイ","Ⓗ10286","27－594",1952,,,,
"01","歌謡曲","ロマンの幌馬車","藤島桓夫","奥山彩子",,,,,,"タイヘイオーケストラ",,,,"杉野大三郎",,"細川潤一",,"細川潤一","タイヘイ","Ⓗ10124","25-181",1950,,,,
"01","歌謡曲","懐しのドラが鳴る","瀬川 伸",,,,,,,"タイヘイオーケストラ",,,,"富岡たけし",,"島田逸平",,"島田逸平","タイヘイ","Ⓗ10124","25-186-1",1950,,,,
"01","歌謡曲","泪の乗合馬車","瀬川 伸",,,,,,,"日本マーキュリーオーケストラ",,,,"豊田一雄",,"飯田景応",,"飯田景応","マーキュリー","H-15052","28-832",1953,,,,
"01","歌謡曲","泪の別れ船","青葉笙子",,,,,,,"日本マーキュリーオーケストラ",,,,"牧 喜代司",,"袴田宗孝",,"袴田宗孝","マーキュリー","H-15052","28－842",1953,,,,
"01","流行歌","霧の航海燈","藤島桓夫",,,,,,,"タイヘイオーケストラ",,,,"内田つとむ",,"島田逸平",,"島田逸平","タイヘイ","S5039","25-125B",1950,,,,
"01","流行歌","上海悲歌(エレジー)","エト邦枝",,,,,,,"タイヘイオーケストラ",,,,"碓井菊太郎",,"島田逸平",,"島田逸平","タイヘイ","S5039","25-126B",1950,,,,
"01","歌謡曲","貨物船(カーゴ)のひとり者","藤島桓夫",,,,,,,"日本マーキュリーオーケストラ",,,,"十二村 哲",,"上村晴夫",,"島田逸平","マーキュリー","H 15302","32-1498",1957,,,,
"01","歌謡曲","銀座の歎き","津川洋一",,,,,,,"日本マーキュリーオーケストラ",,,,"宮 英男",,"西脇稔和",,"西脇稔和","マーキュリー","H 15302","32-1453",1957,,,,
"01","歌謡曲","バックNo.1050","松山恵子",,,,,,,"日本マーキュリーオーケストラ",,,,"松井由利夫",,"水時冨士夫",,"藤原秀行","マーキュリー","H-15351","33-1621",1958,,,,
"01","歌謡曲","ねえどうすりゃいいの","松山恵子",,,,,,,"日本マーキュリーオーケストラ",,,,"牧 喜代司",,"矢吹 光",,"矢吹 光","マーキュリー","H-15351","33-1619",1958,,,,
"08","民謡","八木節マンボ","野村雪子",,,,,,,"日本マーキュリーオーケストラ",,,,"牧 喜代司",,"民謡",,"大森盛太郎","マーキュリー","H-15108","29-973",1954,"マンボ民謡",,,
"09","漫謡","魚河岸の兄ちゃん","八志摩亀生",,,,,,,"日本マーキュリーオーケストラ",,,,"松村又一",,"島田逸平",,"島田逸平","マーキュリー","H-15108","29-974",1954,,,,
"01","歌謡曲","また逢いましょう","高峰文子",,,,,,,"日本マーキュリーオーケストラ",,,,"福田しげる",,"伏見竜二",,"牧野昭一","マーキュリー","H-15419","34-1780",1959,,,,
"01","歌謡曲","この気持わかってね","高峰文子",,,,,,,"日本マーキュリーオーケストラ",,,,"福田しげる",,"伏見竜二",,"藤原秀行","マーキュリー","H-15419","34-1791",1959,,,,
"01","歌謡曲","タントくづし","浅草紅香",,,,,,,"日本マーキュリーオーケストラ",,,,"牧 喜代司",,"記載なし",,"藤原秀行","マーキュリー","H-15315","32－1529",1957,"振付つき",,,
"01","歌謡曲","ネエいいでしょ","豆千代",,,,,,,"日本マーキュリーオーケストラ",,,,"牧 喜代司",,"記載なし",,"袴田宗孝","マーキュリー","H-15315","32－1349",1957,"振付つき",,,
"01","歌謡曲","母恋子守唄","野村雪子",,,,,,,"日本マーキュリーオーケストラ",,,,"成瀬左千雄",,"豊田一雄",,"間木由利夫","マーキュリー","H-15122","29-1019",1954,"振付つき",,,
"01","歌謡曲","湯の街ワルツ","野村雪子",,,,,,,"日本マーキュリーオーケストラ",,,,"松村又一",,"飯田景応",,"飯田景応","マーキュリー","H-15122","29-1031",1954,,,,
"01","歌謡曲","船から来た男","藤島桓夫",,,,,,,"日本マーキュリーオーケストラ",,,,"豊田一雄",,"豊田一雄",,"飯田景応","マーキュリー","H-15182","30ｰ1163",1955,,,,
"01","歌謡曲","あきらめて","平野愛子",,,,,,,"日本マーキュリーオーケストラ",,,,"増田美智子",,"星 幸男",,"島田逸平","マーキュリー","H-15182","30-1160",1955,"星 幸男は遠藤 実の別名",,,
"01","歌謡曲","東京の青い鳥","岡 晴夫",,,,,,,"日本マーキュリーオーケストラ",,,,"牧 喜代司",,"袴田宗孝",,"間木由利夫","マーキュリー","H-15121","29－1016",1954,,,,
"01","歌謡曲","若いときア二度ある","岡 晴夫",,,,,,,"日本マーキュリーオーケストラ",,,,"松村又一",,"豊田一雄",,"飯田景応","マーキュリー","H-15121","29-1015",1954,,,,
"01","歌謡曲","煙突さん","芙蓉軒愛花",,,,,,,"日本マーキュリーオーケストラ",,,,"村田吉三郎",,"森 明",,"森 明","マーキュリー","H-15359","33-1631",1958,,,,
"01","歌謡曲","東海鴉","芙蓉軒愛花",,,,,,,"日本マーキュリーオーケストラ",,,,"村田吉三郎",,"森 明",,"森 明","マーキュリー","H-15359","33-1630",1958,,,,
"01","歌謡曲","タントくずし","豆千代",,,,,,,"日本マーキュリーオーケストラ",,,,"牧 喜代司",,"豊田一雄",,"豊田一雄","マーキュリー","H15120",,1954,,,,
"01","歌謡曲","スカタン節","豆千代",,,,,,,"日本マーキュリーオーケストラ",,,,"松村又一",,"島田逸平",,"島田逸平","マーキュリー","H15120",,1954,,,,
"01","歌謡曲","未練","藤島桓夫",,,,,,,"マーキュリーオーケストラ",,,,"唐崎まさはる",,"飯田景応",,"飯田景応","マーキュリー","H-15248","31-1305",1957,,,,
"01","歌謡曲","青春の歌声","藤島桓夫",,,,,,,"マーキュリーオーケストラ",,,,"松村又一",,"豊田一雄",,"飯田景応","マーキュリー","H-15248","30-1205-1",1957,,,,
"01","歌謡曲","さよなら鴎","藤島桓夫",,,,,,,"日本マーキュリーオーケストラ",,,,"十二村 哲",,"飯田景応",,"飯田景応","マーキュリー","Hｰ15334","32-1557",1958,,,,
"01","歌謡曲","だから言ったじゃないの","松山恵子",,,,,,,"日本マーキュリーオーケストラ",,,,"松井由利夫",,"島田逸平",,"島田逸平","マーキュリー","Hｰ15334","32-1558",1958,,,,
"01","歌謡曲","恋の巡航船","寿賀太郎",,,,,,,"日本マーキュリーオーケストラ",,,,"増田美智子",,"福田 茂",,"藤原秀行","マーキュリー","H-15404","34-1764",1959,,,,
"01","歌謡曲","私の胸は零番地","高峰文子",,,,,,,"日本マーキュリーオーケストラ",,,,"松村又一",,"水時冨士夫",,"水時冨士夫","マーキュリー","H-15404","34-1762",1959,,,,
"01","歌謡曲","風吹きがらす","寿賀太郎",,,,,,,"日本マーキュリーオーケストラ",,,,"松村又一",,"松平 晃",,"牧野昭一","マーキュリー","H-15380","34－1693",1959,,,,
"01","歌謡曲","波止場の指切り","松山恵子",,,,,,,"日本マーキュリーオーケストラ",,,,"判読できず",,"遠藤 実",,"藤原秀行","マーキュリー","H-15380","34－1693",1959,,,,
"01","歌謡曲","アンコなぜ泣く","藤島桓夫",,,,,,,"日本マーキュリーオーケストラ",,,,"松村又一",,"遠藤 実",,"飯田景応","マーキュリー","H-15301","32-1502",1957,,,,
"01","歌謡曲","八丈舟唄","藤島桓夫",,,,,,,"日本マーキュリーオーケストラ",,,,"豊田一雄",,"豊田一雄",,"飯田景応","マーキュリー","H-15301","32-1440",1957,,,,
"01","歌謡曲","田舎へ帰ろうよ","藤島桓夫",,,,,,,"日本マーキュリーオーケストラ",,,,"藤咲ゆたか",,"島田逸平",,"島田逸平","マーキュリー","H-15326","32-1546",1957,,,,
"01","歌謡曲","よさこい舟唄","夏目三郎",,,,,,,"日本マーキュリーオーケストラ",,,,"松村又一",,"袴田宗孝",,"袴田宗孝","マーキュリー","H-15326","32-1533",1957,,,,
"01","歌謡曲","陽気なアミー","瀬川 伸",,,,,,,"タイヘイオーケストラ",,,,"飛鳥井芳朗",,"島田逸平",,"島田逸平","タイヘイ","Ⓗ10138","25-183-1",1951,,,,
"01","歌謡曲","夜のルンバ","エト邦枝",,,,,,,"タイヘイオーケストラ",,,,"島田逸平",,"島田逸平",,"島田逸平","タイヘイ","Ⓗ10138","26-239",1951,,,,
"01","歌謡曲","夜嵐ざんげ","新橋喜代丸",,,,,,,"タイヘイオーケストラ",,,,"藤田まさと",,"阿部武雄",,"飯田景応","タイヘイ","Ⓗ10308","28-635",1953,,,,
"01","歌謡曲","ギターやくざ","瀬川 伸",,,,,,,"タイヘイオーケストラ",,,,"横山賢一",,"島田逸平",,"島田逸平","タイヘイ","Ⓗ10308","28-613",1953,,,,
"01","歌謡曲","うらぶれ道中","瀬川 伸",,,,,,,"タイヘイオーケストラ",,,,"藤田まさと",,"山田栄一",,"山田栄一","タイヘイ","Ⓗ10150","26-285",1951,,,,
"01","歌謡曲","振袖お七","藤島桓夫",,,,,,,"タイヘイオーケストラ","豊吉(三味線)",,,"南條歌美",,"細川潤一",,"細川潤一","タイヘイ","Ⓗ10150","26-156",1951,,,,
"04","軽音楽","テネシー・ワルツ","タイヘイオーケストラ",,,,,,,,,,,,,"記載なし",,"飯田景応","タイヘイ","Ⓗ10242","27-459",1952,"「テネシー・ワルツ」の日本盤",,,
"01","流行歌","テネシー・ワルツ","エト邦枝",,,,,,,"タイヘイオーケストラ",,,,"山本逸朗",,"記載なし",,"飯田景応","タイヘイ","Ⓗ10242","27-458-1",1952,"「テネシー・ワルツ」の日本盤",,,
"01","流行歌","懐しのトニー","エト邦枝",,,,,,,"タイヘイオーケストラ",,,,"鈴木千代三",,"飯田景応",,"飯田景応","タイヘイ","Ⓗ10247","27-487",1952,,,,
"01","流行歌","東京ラブソング","瀬川 伸",,,,,,,"タイヘイオーケストラ",,,,"藤間哲郎",,"上原賢六",,"堀田 実","タイヘイ","Ⓗ10247","27-485",1952,,,,
"06","映画主題歌","恋の雪化粧","豆千代",,,,,,,"タイヘイオーケストラ",,,,"大倉芳郎",,"島田逸平",,"島田逸平","タイヘイ","Ⓗ10285","27-589",1952,"松竹『唄祭清水港』主題歌",,,
"06","映画主題歌","男けんか笠","瀬川 伸",,,,,,,"タイヘイオーケストラ",,,,"大倉芳郎",,"飯田景応",,"飯田景応","タイヘイ","Ⓗ10285","27-588",1952,"松竹『唄祭清水港』主題歌",,,
"01","流行歌","旅の紅椿","平井輝夫",,,,,,,"タイヘイオーケストラ",,,,"矢野 亮",,"西脇稔和",,"飯田景応","タイヘイ","Ⓗ10248",,1952,,,,
"01","流行歌","波止場鴉","瀬川 伸",,,,,,,"タイヘイオーケストラ",,,,"牧 喜代司",,"島田逸平",,"島田逸平","タイヘイ","Ⓗ10248","27-452",1952,,,,
"06","映画主題歌","恋慕月夜","瀬川 伸・青葉笙子",,,,,,,"タイヘイオーケストラ",,,,"藤田まさと",,"島田逸平",,"島田逸平","タイヘイ","Ⓗ10207",,1952,"大映京都『あばれ熨斗』主題歌",,,
"06","映画主題歌","あばれ熨斗","瀬川 伸",,,,,,,"タイヘイオーケストラ",,,,"藤田まさと",,"島田逸平",,"島田逸平","タイヘイ","Ⓗ10207",,1952,"大映京都『あばれ熨斗』主題歌",,,
"01","流行歌","黄昏道中","瀬川 伸",,,,,,,"タイヘイオーケストラ",,,,"藤田まさと",,"阿部武雄",,"飯田景応","タイヘイ","Ⓗ10266","27-564",1952,,,,
"01","流行歌","夜汽車の窓で","青葉笙子",,,,,,,"タイヘイオーケストラ",,,,"渡邊阿沙爾",,"飯田景応",,"飯田景応","タイヘイ","Ⓗ10266","27-538",1952,,,,
"06","映画主題歌","若君罷り通る","瀬川 伸",,,,,,,"タイヘイオーケストラ",,,,"藤田まさと",,"島田逸平",,"島田逸平","タイヘイ","Ⓗ10275","27-580",1952,"松竹『若君罷り通る』主題歌",,,
"06","映画主題歌","浮かれ旅唄","浅草紅香",,,,,,,"タイヘイオーケストラ",,,,"藤田まさと",,"飯田景応",,"飯田景応","タイヘイ","Ⓗ10275","27-581",1952,"松竹『若君罷り通る』主題歌",,,
"01","流行歌","鳥追い月夜","野村雪子",,,,,,,"タイヘイオーケストラ",,,,"海野政一",,"長谷川政男",,"長谷川政男","タイヘイ","Ⓗ10274",,1952,,,,
"01","流行歌","酔いどれ浪人","瀬川 伸",,,,,,,"タイヘイオーケストラ",,,,"梅田幸三",,"飯田景応",,"飯田景応","タイヘイ","Ⓗ10274",,1952,,,,
"01","歌謡曲","霧の連絡船","桜井 稔",,,,,,,"タイヘイオーケストラ",,,,"三上完治",,"川崎三郎",,"飯田景応","タイヘイ","Ⓗ10186","26-357",1951,,,,
"01","歌謡曲","港に白い花咲けば","瀬川 伸",,,,,,,"タイヘイオーケストラ",,,,"牧 喜代司",,"飯田景応",,"飯田景応","タイヘイ","Ⓗ10186","26-359",1951,,,,
"01","流行歌","青いガス燈のチャイナタウン","瀬川 伸",,,,,,,"タイヘイオーケストラ",,,,"山本逸朗",,"織戸光次",,"堀田 実","タイヘイ","Ⓗ10196",,1952,,,,
"01","流行歌","アリラン月夜","桜井 稔",,,,,,,"タイヘイオーケストラ",,,,"飛鳥井芳朗",,"大倉八郎",,"飯田景応","タイヘイ","Ⓗ10196",,1952,,,,
"10","舞踏小唄","伊豆の十三夜","野村雪子",,,,,,,"タイヘイオーケストラ",,,,"山本逸朗",,"西脇稔和",,"堀田 実","タイヘイ","Ⓗ10252",,1952,,,,
"10","舞踏小唄","お吉椿","新橋喜代丸",,,,,,,"タイヘイオーケストラ",,,,"山本逸朗",,"大村能章",,"大村能章","タイヘイ","Ⓗ10252",,1952,,,,
"01","流行歌","三味線サンバ","〆香",,,,,,,"杵屋定之丞（三味線）","タイヘイオーケストラ",,,"原 味津三",,"原 味津三",,"大森盛太郎","タイヘイ","Ⓗ10133","26-233",1951,,,,
"01","流行歌","男心はキリロン","新橋喜代丸",,,,,,,"タイヘイオーケストラ",,,,"吉田優示",,"的場英二",,"細川潤一","タイヘイ","Ⓗ10133",,1951,,,,
"01","流行歌","チョイナ節","豆千代",,,,,,,"タイヘイオーケストラ",,,,"記載なし",,"記載なし",,"浜田元治","タイヘイ","Ⓗ10230","27-432",1952,,,,
"01","流行歌","浪花節とマドロス","井田照夫",,,,,,,"タイヘイオーケストラ",,,,"吉田碌務",,"守本 茂",,"飯田景応","タイヘイ","Ⓗ10230","27-446",1952,,,,
"06","映画主題歌","志保子の歌","藤島桓夫",,,,,,,"タイヘイオーケストラ",,,,"中川啓児",,"飯田景応",,"飯田景応","タイヘイ","Ⓗ10297","28-623",1953,"東映『母子鳩』主題歌",,,
"06","映画主題歌","母子鳩","野村雪子",,,,,,,"タイヘイオーケストラ",,,,"中川啓児",,"飯田景応",,"飯田景応","タイヘイ","Ⓗ10297","28-622",1953,"東映『母子鳩』主題歌",,,
"01","歌謡曲","港のマリー","エト邦枝",,,,,,,"タイヘイオーケストラ",,,,"山本逸朗",,"島田逸平",,"島田逸平","タイヘイ","Ⓗ10187","26-362",1951,,,,
"01","歌謡曲","青いガス燈に雨が降る","藤島桓夫",,,,,,,"タイヘイオーケストラ",,,,"青木三郎",,"倉田三郎",,"飯田景応","タイヘイ","Ⓗ10187","26-360",1951,,,,
"01","歌謡曲","シャンラン節","〆香",,,,,,,"豊吉(三味線)","タイヘイオーケストラ",,,"原 味津三",,"原 味津三",,"宇津美俊雄","タイヘイ","Ⓗ10111","25-157",1950,,,,
"01","歌謡曲","潮来舟唄","藤島桓夫",,,,,,,"タイヘイオーケストラ",,,,"坂口 淳",,"北 康太",,"細川潤一","タイヘイ","Ⓗ10111","25-156A",1950,,,,
"01","歌謡曲","波浮の悲歌","久壽川映子",,,,,,,"タイヘイオーケストラ",,,,"対馬慎一郎",,"島田逸平",,"島田逸平","タイヘイ","Ⓗ10324","28-654",1953,,,,
"01","歌謡曲","ハワイのマドロスさん","瀬川 伸",,,,,,,"タイヘイオーケストラ",,,,"牧 喜代美",,"豊田一夫",,"飯田景応","タイヘイ","Ⓗ10324","28-676",1953,"牧 喜代美は牧 喜代司の誤記か？",,,
"01","流行歌","ズッキンズッキン節","〆香",,,,,,,"タイヘイオーケストラ",,,,"福田 茂",,"草笛道夫",,"細川潤一","タイヘイ","S5026","25-114",1950,"文芸部振付",,,
"01","流行歌","南洋トロリコ","岸井 明","タイヘイ合唱団",,,,,,"タイヘイオーケストラ",,,,"岸トミー",,"島田逸平",,"島田逸平","タイヘイ","S5026","25-18-2",1950,"文芸部振付",,,
"01","流行歌","貨物船のマドロス","藤島桓夫",,,,,,,"タイヘイオーケストラ",,,,"牧 喜代司",,"島田逸平",,"島田逸平","タイヘイ","Ⓗ10293","27-592",1952,,,,
"01","流行歌","香港の花売娘","瀬川 伸",,,,,,,"タイヘイオーケストラ",,,,"大倉芳郎",,"飯田景応",,"飯田景応","タイヘイ","Ⓗ10293","27-616",1952,,,,
"01","歌謡曲","メロン可愛いや","三原純子",,,,,,,"タイヘイオーケストラ",,,,"宮本旅人",,"長谷川堅二",,"長谷川堅二","タイヘイ","S5003B",,1950,"『メロンはいかが』(1940) R1008Aの再発売",,,
"01","歌謡曲","三色のバラ","松平 晃",,,,,,,"タイヘイオーケストラ",,,,"長良一郎",,"牧 耕一",,"牧 耕一","タイヘイ","S5003A",18537,1950,,,,
"06","映画主題歌","上州鴉","瀬川 伸",,,,,,,"タイヘイオーケストラ",,,,"山本逸朗",,"島田逸平",,"島田逸平","タイヘイ","Ⓗ10137","26-241",1951,"大映『上州鴉』主題歌",,,
"06","映画主題歌","飴屋の唄","〆香",,,,,,,"タイヘイオーケストラ",,,,"原 味津三",,"原 味津三",,"宇津美俊雄","タイヘイ","Ⓗ10137","26-242",1951,"大映『上州鴉』主題歌",,,
"01","歌謡曲","破れソフトのギター流し","藤島桓夫",,,,,,,"日本マーキュリーオーケストラ",,,,"松村又一",,"清水綱雄",,"島田逸平","マーキュリー","H-15072","29-893",1954,,,,
"01","歌謡曲","蘇州の夜","三條美紀",,,,,,,"日本マーキュリーオーケストラ",,,,"牧 喜代司",,"真耶 潔",,"飯田景応","マーキュリー","H-15072","29-892",1954,,,,
"01","歌謡曲","途中下車","岡 晴夫",,,,,,,"日本マーキュリーオーケストラ",,,,"松村又一",,"島田逸平",,"島田逸平","マーキュリー","H-15088","29－931",1954,,,,
"01","歌謡曲","夢のフランス航路","岡 晴夫",,,,,,,"日本マーキュリーオーケストラ",,,,"松村又一",,"飯田景応",,"飯田景応","マーキュリー","H-15088","29－930",1954,,,,
"06","映画主題歌","涙のぼたん刷毛","青葉笙子",,,,,,,"杵屋定之丞(三味線)","日本マーキュリーオーケストラ",,,"牧 喜代司",,"大村能章",,"大村能章","マーキュリー","H-15001","28-740",1953,"東映『江戸の花道』主題歌",,,
"06","映画主題歌","江戸の花道","東海林太郎",,,,,,,"杵屋定之丞(三味線)","日本マーキュリーオーケストラ",,,"藤田まさと",,"島田逸平",,"島田逸平","マーキュリー","H-15001","28-739",1953,"東映『江戸の花道』主題歌",,,
"01","歌謡曲","放浪のチャング","野村雪子",,,,,,,"日本マーキュリーオーケストラ",,,,"上島定夫",,"豊田一雄",,"飯田景応","マーキュリー","H-15073","29-880",1954,,,,
"01","歌謡曲","京の花売娘","野村雪子",,,,,,,"日本マーキュリーオーケストラ",,,,"成瀬左千雄",,"島田逸平",,"島田逸平","マーキュリー","H-15073","29-895",1954,,,,
"01","歌謡曲","船を待つ港の女","瀬川 伸",,,,,,,"日本マーキュリーオーケストラ",,,,"那珂林 晃",,"織戸光次",,"飯田景応","マーキュリー","H-15002","28-717",1953,,,,
"01","歌謡曲","母のゆりかご","久壽川映子",,,,,,,"日本マーキュリーオーケストラ",,,,"豊田一雄",,"豊田一雄",,"大森盛太郎","マーキュリー","H-15002","28-733",1953,,,,
"01","歌謡曲","君住む街よさようなら","桜井 稔",,,,,,,"日本マーキュリーオーケストラ",,,,"松本順一",,"山田郁夫",,"堀田 実","マーキュリー","H-15010","28-534",1953,,,,
"01","歌謡曲","泣かされました","青葉笙子",,,,,,,"日本マーキュリーオーケストラ",,,,"藤田まさと",,"大村能章",,"大村能章","マーキュリー","H-15010","28-753",1953,,,,
"01","歌謡曲","酒場シャンソン","瀬川 伸",,,,,,,"日本マーキュリーオーケストラ",,,,"那珂林 晃",,"西脇稔和",,"間 久里","マーキュリー","H-15090","29-929",1954,,,,
"01","歌謡曲","泪の国境","青葉笙子",,,,,,,"日本マーキュリーオーケストラ",,,,"横山賢一",,"島田逸平",,"島田逸平","マーキュリー","H-15090","29-732",1954,,,,
"01","歌謡曲","母恋鴉","瀬川 伸",,,,,,,"日本マーキュリーオーケストラに",,,,"藤田まさと",,"島田逸平",,"島田逸平","マーキュリー","H-15021","28-833",1954,,,,
"01","歌謡曲","港シスコのマドロスさん","瀬川 伸",,,,,,,"日本マーキュリーオーケストラに",,,,"松坂直美",,"西脇稔和",,"飯田景応","マーキュリー","H-15021","28-841",1954,,,,
"01","歌謡曲","ごめんなさいじゃ済まないわ","野村雪子",,,,,,,"日本マーキュリーオーケストラに",,,,"中川啓児","牧 喜代司","島田逸平",,"島田逸平","マーキュリー","H-15027","28-840",1954,,,,
"01","歌謡曲","恋は嘘でなかった","藤島桓夫",,,,,,,"日本マーキュリーオーケストラ",,,,"豊田一雄",,"豊田一雄",,"飯田景応","マーキュリー","H-15027","28-765",1954,,,,
"01","歌謡曲","島の追分","野村雪子",,,,,,,"日本マーキュリーオーケストラ",,,,"豊田一雄",,"豊田一雄",,"大森盛太郎","マーキュリー","H-15014","28-767",1953,,,,
"01","歌謡曲","舞妓囃子","野村雪子",,,,,,,"日本マーキュリーオーケストラ",,,,"藤田まさと",,"島田逸平",,"島田逸平","マーキュリー","H-15014","28-766",1953,,,,
"01","歌謡曲","恋の投げ節","野村雪子",,,,,,,"日本マーキュリーオーケストラ",,,,"那珂林 晃",,"西脇稔和",,"飯田景応","マーキュリー","H-15041","28-863",1954,,,,
"01","歌謡曲","銭銭道中","桜井 稔",,,,,,,"日本マーキュリーオーケストラ",,,,"藤田まさと",,"大村能章",,"大村能章","マーキュリー","H-15041","28-871",1954,,,,
"01","舞踏歌謡","雨の明石町","豆千代",,,,,,,"日本マーキュリーオーケストラ",,,,"島田芳文",,"摩耶 潔",,"島田逸平","マーキュリー","H-15016","28-756",1953,"振付つき",,,
"01","舞踏歌謡","恋の大川端","野村雪子",,,,,,,"日本マーキュリーオーケストラ",,,,"梅田幸三",,"大村能章",,"大村能章","マーキュリー","H-15016","28-785",1953,,,,
"01","歌謡曲","おこさ節","青葉笙子",,,,,,,"日本マーキュリーオーケストラ",,,,"牧 喜代司",,"記述なし",,"大森盛太郎","マーキュリー","H-15093","29－946",1954,"民謡",,,
"01","歌謡曲","真室川音頭","野村雪子",,,,,,,"日本マーキュリーオーケストラ",,,,"松本一晴",,"記述なし",,"大森盛太郎","マーキュリー","H-15093","29－945",1954,"民謡",,,
"08","ジャズ民謡","ソーラン節","青葉笙子",,,,,,,"日本マーキュリーオーケストラ",,,,"牧 喜代司",,"記述なし",,"大森盛太郎","マーキュリー","H-15098","29－960",1954,"民謡",,,
"08","ジャズ民謡","ルムバおてもやん","八志摩亀生",,,,,,,"日本マーキュリーオーケストラ",,,,"松村又一",,"記述なし",,"大森盛太郎","マーキュリー","H-15098","29－961",1954,,,,
"01","歌謡曲","ソーラン恋唄","三笠陽子",,,,,,,"日本マーキュリーオーケストラ",,,,"松村又一",,"遠藤 実",,"牧野昭一","マーキュリー","R-1001","R-1641","不詳","ブルーバード盤",,,
"01","歌謡曲","こんなに胸が切なくて","南 洋子",,,,,,,"日本マーキュリーオーケストラ",,,,"増田美智子",,"福田しげる",,"牧野昭一","マーキュリー","R-1001","R-1642","不詳","ブルーバード盤",,,
"10","歌謡物語","夢香愛唱集(上)","夢香(専属)","静田錦波(解説)",,,,,,"ウエスターン管弦楽団(伴奏)",,,,"宮本旅人",,,,"飯田三郎","タイヘイ","21188-A",,1937,"世界最高級ウエスターン吹込",,,
"10","歌謡物語","夢香愛唱集(下)","夢香(専属)","静田錦波(解説)",,,,,,"ウエスターン管弦楽団(伴奏)",,,,"宮本旅人",,,,"飯田三郎","タイヘイ","21188-B",,1937,"世界最高級ウエスターン吹込",,,
"04","吹奏楽","阪神電気鉄道株式会社社歌","運転課精華バンド",,,,,,,"運転課精華バンド",,,,,,,,"宮原禎次","タイヘイ","M1473","M1474",1938,"報国",,,
"10","社歌","阪神電気鉄道株式会社社歌","水野康孝",,,,,,,"運転課精華バンド",,,,"記述なし",,"記述なし",,"宮原禎次","タイヘイ","M1473","M1473",1938,"報国",,,
"08","舞踏新小唄","西宮音頭","幾松","結城 浩",,,,,,"西宮検 小金(囃子)","西宮検 歌喜美(囃子)","西宮検 登美路(囃子)","タイヘイ和洋楽団","西宮市選歌",,"松永和夫",,,"タイヘイ","4551-A",,1934,"西宮市推薦  結城 浩は楠木繁夫の別名",,,
"08","新小唄","えびす祭","東京幾松",,,,,,,"タイヘイ和洋楽団",,,,"佐久羊村",,"近藤十九二",,,"タイヘイ","4551-B",,1934,"西宮市推薦",,,
"01","流行歌","みなと音頭","幾松 ",,,,,,,"床栄(三味線) ","栄幸(三味線) ","大ぜい(囃子)","タイヘイ和洋楽団","岸本梅路
野口雨情(補作)",,"宮本啓一",,,"タイヘイ","1-A",,"不詳","「第一回神戸みなとの祭」主題歌",,,
"10","市民歌","第二回神戸みなとの祭","中検 巴","共立検 小はん",,,,,," 市駒(三味線)","駒枝他(三味線)","タイヘイ和洋楽団",,"冨田碎花選
平川六郎",,"近藤十九二",,,"タイヘイ","1-B",,"不詳","神戸市民祭協会指定歌  神戸市民祭協会懸賞募集一等当選歌",,,
"01","流行歌行進曲","神戸(みなと)行進曲","泉 進一",,,,,,,"タイヘイオーケストラ",,,,"岸本梅路
冨田碎花(補作)",,"秋山完一",,,"タイヘイ","4250-B",,1933,"神戸「みなとの祭」主題歌  懸賞募集一等当選歌",,,
"01","流行歌","みなと音頭","幾松 ",,,,,,,"床栄(三味線) ","栄幸(三味線) ","大ぜい(囃子)","タイヘイ和洋楽団","岸本梅路
野口雨情(補作)",,"宮本啓一",,,"タイヘイ","4250-A",,1933,"神戸「みなとの祭」主題歌 懸賞募集等当選歌  
神戸又新日報社特選 神戸市民祭協会推奨",,,
"01","歌謡曲","港神戸のマドロスさん","瀬川 伸",,,,,,,"タイヘイオーケストラ",,,,"山本逸朗",,"島田逸平",,"島田逸平","タイヘイ","Ⓗ10263","26-215",1952,"Ⓗ10132の再発売か？",,,
"01","歌謡曲","みなと音頭","豆千代","藤島桓夫",,,,,,"タイヘイオーケストラ",,,,"鈴木正次",,"飯田景応",,"飯田景応","タイヘイ","Ⓗ10263","27-556",1952,,,,
"10","市民歌","第四回神戸みなとの祭の歌","三島一声","お鯉","ウエスターン・コーラス",,,,,"ウエスターン管弦楽団",,,,"時雨音羽(選)",,"大村能章",,,"タイヘイ","21064ｰA",,1936,"神戸市民祭協会指定歌",,,
"01","流行歌","神戸ファンタヂー","竹内龍夫",,,,,,,"ウエスターン管弦楽団",,,,"時雨音羽",,"村上 清",,"村上 清","タイヘイ","21064ｰB",,1936,,,,
"01","流行歌","起てよ兵庫","黒田 進",,,,,,,"タイヘイ管弦楽団",,,,"浅田才二",,"宝塚音楽学校",,"服部良一","タイヘイ","3952-A",,1933,"神戸新聞社懸賞当選歌
黒田 進は楠木繁夫の別名",,,
"04","ﾀﾞﾝｽﾐｭｰｼﾞｯｸ
ﾌｫｯｸｽﾄﾛｯﾄ","起てよ兵庫　Tateyo Hyogo","タイヘイダンスオーケストラバンド",,,,,,,"タイヘイダンスオーケストラバンド",,,,,,"記述なし",,"記述なし","タイヘイ","3952-B",,1933,"神戸新聞社懸賞当選歌",,,
"10","市民歌","神戸みなとの祭の歌","三島一声","お鯉","タイヘイコーラス",,,,,"タイヘイオーケストラ",,,,"時雨音羽(選)",,"大村能章",,,"タイヘイ","H10056",,1950,"戦後再発盤
神戸市民祭協会指定歌",,,
"10","市民歌","みなと音頭","幾松","タイヘイコーラス",,,,,,"タイヘイオーケストラ",,,,"岸本梅路
野口雨情(補作)",,"宮本啓一",,,"タイヘイ","H10056",,1950,"戦後再発盤
神戸市民祭協会推薦",,,
"08","流行新小唄","十二勝音頭","新橋喜代丸","女声合唱付",,,,,,"ウエスターン和洋楽団",,,,"山田 正",,"田村しげる",,"山下五郎","タイヘイ","21018ｰB",,1936,"神戸新聞社懸賞募集当選歌
世界最高級ウエスターン吹込",,,
"08","流行新小唄","八景歌謡","橋本一郎","奥田英子",,,,,,"ウエスターン管弦楽団",,,,"井田香月",,"大村能章",,"大村能章","タイヘイ","21018ｰA",,1936,"神戸新聞社懸賞募集当選歌
世界最高級ウエスターン吹込",,,
"10","市民歌","神戸音頭","時雨千枝子(歌)","タイヘイ合唱団",,,,,,"花柳芳次(振付)","タイヘイ和洋楽団",,,"西條八十(選)
高橋重雄",,"宮本啓一",,"宮本啓一","タイヘイ","56380-A",,1935,"「第三回港の祭の歌」神戸市民祭協会指定歌",,,
"01","流行歌","神戸裏山ハイキングの歌","林 伊佐緒","ミス・タイヘイ　",,,,,,"タイヘイ管弦楽団",,,,"平山芦江",,"服部良一",,"服部良一","タイヘイ","56380-B",,1935,"ミス・タイヘイは奥田英子の別名",,,
"08","奉讃民謡","楠公民謡","虎龍","タイヘイ男女合唱団",,,,,,"道添哲夫(振付)","タイヘイ和洋楽団",,,"谷口完治",,"大村能章",,"北木正義","タイヘイ","56225-A",,1935,"湊川神社推薦 徳富蘇峰閣下御閲了
本居長世氏吹込指導立会",,,
"08","奉讃民謡","楠公民謡","秋月光洋","タイヘイ男女合唱団",,,,,,"タイヘイ和洋楽団",,,,"谷口完治",,"大村能章",,"北木正義","タイヘイ","56225-B",,1935,"湊川神社推薦 徳富蘇峰閣下御閲了
本居長世氏吹込指導立会",,,
"08","新小唄","福原小唄(上)","共立検 十七子",,,,,,,"花柳芳次郎(振付)","タイヘイ和洋楽団",,,"平山芦江",,"大村能章",,"大村能章","タイヘイ","56369-A",,1935,"神戸新聞社後援懸賞募集当選歌",,,
"08","新小唄","福原小唄(下)","秋月光洋",,,,,,,"花柳芳次郎(振付)","タイヘイ和洋楽団",,,"平山芦江",,"大村能章",,"大村能章","タイヘイ","56369-B",,1935,"神戸新聞社後援懸賞募集当選歌",,,
"01","流行歌","浜辺の唄","井崎嘉代子",,,,,,,"琴・オーボエ伴奏",,,,"林 古渓",,"成田為三",,"土屋平三郎","タイヘイ","21044-A",,1936,"世界最高級ウエスターン吹込",,,
"01","歌謡曲","神田祭","井崎嘉代子",,,,,,,"タイヘイ管弦楽団",,,,"小林愛雄",,"弘田龍太郎",,"万沢 恒","タイヘイ","21044-B",,1936,"世界最高級ウエスターン吹込",,,
"06","映画主題歌","五月晴一本槍","橋本一郎",,,,,,,"タイヘイ管弦楽団",,,,"佐藤惣之助",,"大村能章",,"大村能章","タイヘイ","21014-A",,1936,"新興キネマ京都撮影所超特作
「五月晴一本槍」主題歌",,,
"06","映画主題歌","娘鹿の子","新橋喜代丸",,,,,,,"タイヘイ管弦楽団",,,,"佐藤惣之助",,"大村能章",,"大村能章","タイヘイ","21014-B",,1936,"新興キネマ京都撮影所超特作
「五月晴一本槍」主題歌",,,
"01","流行歌","佐渡の子守唄","阿部幸次",,,,,,,"タイヘイセレナーダス",,,,"水谷雅夫",,"大村能章",,,"タイヘイ","56210-A",,1935,,,,
"01","流行歌","菅笠しぐれ","東京富丸(唄)","米一菊丸(合唱)",,,,,,"タイヘイセレナーダス",,,,"大塚 徹",,"水原英明",,"大村能章","タイヘイ","56210-B",,1935,,,,
"01","流行歌","桜まつり","三島一声","夢香","ウエスターンコーラス",,,,,"ウエスターン管弦楽団",,,,"鹿山鶯邨",,"大村能章",,"大村能章","タイヘイ","21176-A",,1937,,,,
"01","流行歌","振袖ざくら","シキ皓一","新橋喜代丸","ウエスターンコーラス",,,,,"ウエスターン管弦楽団",,,,"島田磬也",,"宮脇春夫",,"志木田 健","タイヘイ","21176-B",,1937,,,,
"06","映画主題歌","仇八ざんげ","若水絹子",,,,,,,"タイヘイ和洋楽団",,,,"川井かつひさ",,"直川哲也",,"直川哲也","タイヘイ","56451-B",,1936,"右太プロ「蛇の目定九郎」主題歌",,,
"06","映画主題歌","蛇の目定九郎","橋本一郎",,,,,,,"東京吉之助(三味線)","東京豊吉(三味線)","タイヘイ和洋楽団",,"森本正雄",,"大村能章",,"大村能章","タイヘイ","56451-Ā",,1936,"右太プロ「蛇の目定九郎」主題歌",,,
"01","流行歌","流線型よ(上)","阿部幸次","ミス・タイヘイ　",,,,,,"タイヘイダンスオーケストラ",,,,"松本英一",,"大村能章",,"平 茂夫","タイヘイ","56172-A",,1935,"トロット
ミス・タイヘイは奥田英子の別名",,,
"01","流行歌","流線型よ(下)","東京富丸",,,,,,,"タイヘイセレナーダス",,,,"松本一晴",,"大村能章",,"大村能章","タイヘイ","56172-B",,1935,"トロット",,,
"01","流行歌","宿場がらす","橋本一郎",,,,,,,"ウエスターン管弦楽団",,,,"時雨音羽",,"大村能章",,"大村能章","タイヘイ","56467-A",,1936,,,,
"01","流行歌","彼女のこころ","新橋喜代丸",,,,,,,"ウエスターン管弦楽団",,,,"西岡水朗",,"片岡志行",,"片岡志行","タイヘイ","56467-B",,1936,,,,
"07","軍歌","勇敢なる水兵","辻順治楽長指揮","陸軍戸山学校軍楽隊",,,,,,,,,,"記述なし",,"記述なし",,,"タイヘイ","56672-A",,"不詳",,,,
"07","軍歌","雪の進軍","辻順治楽長指揮","陸軍戸山学校軍楽隊",,,,,,,,,,"記述なし",,"記述なし",,,"タイヘイ","56672-B",,"不詳",,,,
"07","軍歌","日本陸軍(天に代わりて不義を討つ)(上)","陸軍戸山学校軍楽隊",,,,,,,,,,,"記述なし",,"記述なし",,,"タイヘイ","56686-A",,"不詳",,,,
"07","軍歌","日本陸軍(天に代わりて不義を討つ)(下)","陸軍戸山学校軍楽隊",,,,,,,,,,,"記述なし",,"記述なし",,,"タイヘイ","56686-B",,"不詳",,,,
"06","映画主題歌","花嫁双六","橋本一郎","新橋喜代丸",,,,,,"タイヘイ管弦楽団",,,,"大倉逸平",,"長津 弥",,,"タイヘイ","56480-A",,1936,"新興キネマ春季特作映画
「花嫁設計図」主題歌",,,
"06","映画主題歌","罪なお方","新橋喜代丸",,,,,,,"タイヘイ管弦楽団",,,,"大倉逸平",,"大村能章",,"大村能章","タイヘイ","56480-B",,1936,"新興キネマ春季特作映画
「花嫁設計図」主題歌",,,
"01","流行歌","思い出しては","松井緋沙子",,,,,,,"タイヘイダンスオーケストラ",,,,"梅田 清",,"山田 甚",,,"タイヘイ","56199-B",,1935,,,,
"01","流行歌","古里たずねて","島村紅雀",,,,,,,"タイヘイセレナーダス",,,,"小笠原 新",,"中村三郎",,"平 茂夫","タイヘイ","56199-A",,1935,,,,
"01","流行歌","塹壕の夢","虎龍","男声合唱付",,,,,,"タイヘイ管弦楽団",,,,"伊藤松雄",,"服部良一",,"服部良一","タイヘイ","56450-A",,1936,,,,
"01","流行歌","旅まくら","虎龍",,,,,,,"タイヘイ管弦楽団",,,,"戸張もりを",,"服部良一",,"服部良一","タイヘイ","56450-B",,1936,,,,
"08","流行新小唄","赤城の唄","虎龍",,,,,,,"タイヘイ和洋楽団",,,,"荒牧輝鳳",,"荒牧輝鳳",,"近藤十九二","タイヘイ","56379-B",,1935,,,,
"08","流行新小唄","木曽ながし","虎龍",,,,,,,"タイヘイ管弦楽団",,,,"荒牧輝鳳",,"荒牧輝鳳",,"服部良一","タイヘイ","56379-A",,1935,,,,
"10","行進曲","火の用心行進曲","黒田 進","水野喜代子",,,,,,"タイヘイ管弦楽団",,,,"相馬御風",,"近藤十九二",,"北木正義","タイヘイ","4681-B",,1934,"黒田 進は楠木繁夫の別名",,,
"09","講演","「火の用心」の講演","大日本消防協会副会長 法学博士 松井 茂閣下",,,,,,,,,,,,,,,,"タイヘイ","4681-A",,1934,,,,
"01","流行歌","港をとめ","伊東千枝子",,,,,,,"タイヘイダンスオーケストラ",,,,"吉井 勇",,"近藤十九二",,,"タイヘイ","4794-A",,1934,"タンゴ",,,
"01","流行歌","夢の磯邊","島津七郎",,,,,,,"タイヘイ管弦楽団",,,,"大塚 徹",,"藤井 実",,,"タイヘイ","4794-B",,1934,"ワルツ",,,
"01","流行歌","窓の青空","曽我部邦夫",,,,,,,"タイヘイジャズバンド",,,,"鹿山映二郎",,"渡辺健二郎",,,"タイヘイ","4607-B",,1934,"ブルース",,,
"01","流行歌","希望の恋路","水野喜代子",,,,,,,"タイヘイダンスオーケストラ",,,,"木下春夫",,"北木正義",,,"タイヘイ","4607-A",,1934,"トロット
水野喜代子は渡辺光子の別名",,,
"01","流行歌","丘の牧場","大山利夫",,,,,,,"R.Hセレナーダス",,,,"畑 喜代司",,"青木良雄",,"青木良雄","タイヘイ","4050-B",,1933,"トロット
大山利夫は楠木繁夫の別名",,,
"01","流行歌","波浮の夕焼け","水野喜代子",,,,,,,"タイヘイ管弦楽団",,,,"塚本篤夫",,"服部良一",,"服部良一","タイヘイ","4050-A",,1933,"トロット
水野喜代子は渡辺光子の別名",,,
"02","書生節","私の商売","藤波松声",,,,,,,,,,,,,,,,"タイヘイ","3374-A",,1932,,,,
"02","書生節","あああきらめろ","藤波松声",,,,,,,,,,,,,,,,"タイヘイ","3374-B",,1932,,,,
"01","流行小唄","それは御無理というものよ","毛利幸尚(テナー)","井上起久子(ソプラノ)",,,,,,"タイヘイジャズバンド",,,,"畑 喜代司",,"太平文芸部",,,"タイヘイ","3185-A",,1932,,,,
"08","新民謡","潮まち舟","浜口 淳(テノール)",,,,,,,"タイヘイジャズバンド",,,,"記述なし",,"藤本浩一",,"服部良一","タイヘイ","3185-B",,1932,"浜口 淳は楠木繁夫の別名",,,
"01","流行歌","紅のさかづき","結城 浩",,,,,,,"タイヘイダンスオーケストラ",,,,"塚本篤夫",,"近藤十九二",,,"タイヘイ","4711-A",,1934,"トロット
結城 浩は楠木繁夫の別名",,,
"01","流行歌","飲めよ唄えよ","結城 浩","タイヘイ少女合唱団",,,,,,"タイヘイダンスオーケストラ",,,,"吉井 勇",,"松永和夫",,,"タイヘイ","4711ｰB",,1934,"トロット6/8
結城 浩は楠木繁夫の別名",,,
"01","流行歌","夢のキャラバン","マイラッキーボーイ",,,,,,,"タイヘイボーイズジャズバンド",,,,"木下 潤",,"横山はるを",,,"タイヘイ","6074-A",,1935,"ルムバ
マイラッキーボーイは日置 静の別名",,,
"01","流行歌","砂漠の月","千代春",,,,,,,"タイヘイセレナーダス",,,,"野村俊夫",,"北 三夫",,,"タイヘイ","6074-B",,1935,,,,
"01","流行歌","水郷の唄","大山利夫",,,,,,,"タイヘイ管弦楽団",,,,"島田磬也",,"服部良一",,,"タイヘイ","3926-A",,1933,"大山利夫は楠木繁夫の別名",,,
"01","流行歌","片われ月","水野喜代子",,,,,,,,,,,"畑 喜代司",,"高田静夫",,,"タイヘイ","3926-B",,1933,"水野喜代子は渡辺光子の別名",,,
"01","流行歌","春よ思い出の春よ","小川文夫",,,,,,,"タイヘイオーケストラバンド",,,,"畑 喜代司",,"高田静夫",,"高田静夫","タイヘイ","3843-A",,1933,,,,
"01","流行歌謡曲","ふる里の丘","水野喜代子",,,,,,,"R.Hオーケストラバンド",,,,"畑 喜代司",,"高田静夫",,"高田静夫","タイヘイ","3843-B",,1933,"水野喜代子は渡辺光子の別名",,,
"10","報国","愛国行進曲","内本 実・ウエスターンコーラス",,,,,,,"ウエスターン管弦楽団",,,,"記述なし",,"記述なし",,"河合太郎","タイヘイ","E104ｰA",,1938,"内閣情報部撰定",,,
"10","報国","愛国行進曲","ウエスターン管弦楽団",,,,,,,"ウエスターン管弦楽団",,,,,,"記述なし",,"河合太郎","タイヘイ","E104ｰB",,1938,"内閣情報部撰定",,,
"01","流行歌","行こよスキーで","結城 浩",,,,,,,"タイヘイジャズバンド",,,,"歌島花水",,"室町欣哉",,,"タイヘイ","4383-A",,1934,"フォックストロット
結城 浩は楠木繁夫の別名",,,
"01","流行歌","海の揺籃(ゆりかご)","川島信子",,,,,,,"タイヘイダンシングオーケストラ",,,,"畑中正澄",,"寅川雪夫",,,"タイヘイ","4383-B",,1934,"フォックストロット",,,
"06","流行歌","酒の唄","松山芳野里",,,,,,,"日本クリスタル管弦楽団",,,,"沼津太郎(訳詞)",,"ハイマン",,"篠原正雄","クリスタル","2001-B",,1935,"フォックス映画「キャラバン」主題歌",,,
"06","流行歌","ハッチャツチャ","松山芳野里","合唱",,,,,,"日本クリスタル管弦楽団",,,,"沼津太郎(訳詞)",,"ハイマン",,"篠原正雄","クリスタル","2001-A",,1935,"フォックス映画「キャラバン」主題歌",,,
"01","流行歌","大阿蘇悲曲","生野静子",,,,,,,"タイヘイハワイアンオーケストラ",,,,"藤淵忠一",,"三井春夫",,,"タイヘイ","4608-B",,1934,"ワルツ",,,
"08","新小唄","大阿蘇小唄","結城 浩",,,,,,,"タイヘイ和洋楽団",,,,"西島 隆",,"永井春朗",,,"タイヘイ","4608-A",,1934,"結城 浩は楠木繁夫の別名",,,
"01","流行歌","木の江小唄","橋本一郎","タイヘイ合唱団",,,,,,"タイヘイ和洋楽団",,,,"山口",,"長津 弥",,,"タイヘイ","M1103ｰB",,"不詳","判読できず",,,
"08","新小唄","尾道港囃し","虎龍","タイヘイ合唱団",,,,,,"タイヘイ和洋楽団",,,,,,,,,"タイヘイ","M1103ｰA",,"不詳","判読できず",,,
"01","時事小唄","井上中尉にに捧ぐ(日本女性より)","井上起久子",,,,,,,"ギターマンドリン合奏団",,,,"英はじめ",,"タイヘイ文芸部",,,"タイヘイ","3246-B",,1932,,,,
"01","時事小唄","噫井上中尉","次田 勝",,,,,,,"タイヘイ管弦団",,,,"松本英一",,"タイヘイ文芸部",,,"タイヘイ","3246-A",,1932,,,,
"06","映画主題歌","肉弾三勇士の母","梅村早苗",,,,,,,"タイヘイオーケストラ",,,,"小国比沙志",,"片岡志行",,,"タイヘイ","3350-B",,1932,"新興キネマ時事映画主題歌",,,
"06","映画主題歌","軍神肉弾三勇士","横田良一",,,,,,,"タイヘイオーケストラ",,,,"英はじめ",,"片岡志行",,,"タイヘイ","3350-A",,1932,"新興キネマ時事映画主題歌",,,
"01","流行歌","霧に吹かりや","川島信子",,,,,,,"ＲＨセレナーダス",,,,"畑 喜代司",,"寅川雪夫",,,"タイヘイ","4196-A",,1933,"ブルース",,,
"01","流行歌","月夜の渚","牧 忠夫",,,,,,,"タイヘイオーケストラ",,,,"野口雨情",,"山内伶晃",,,"タイヘイ","4196-B",,1933,"スロートロット",,,
"01","流行歌","愛の口笛","久保田郁男",,,,,,,"タイヘイダンスオーケストラ",,,,"塚本篤夫",,"北木正義",,,"タイヘイ","6058-A",,"不詳","トロット",,,
"01","流行歌","嘆きの丘","松井緋沙子",,,,,,,"タイヘイダンスオーケストラ",,,,"津井",,"判読できず",,,"タイヘイ","6058-B",,"不詳","トロット
判読できず",,,
"01","時局満蒙数え唄","一つどんと打ちゃどんなもんだね","南地 和歌吉 ",,,,,,,"富美葉(三味線)",,,,"英はじめ",,"近藤十九二",,,"タイヘイ","3318ｰB",,1932,,,,
"01","時局小唄","どんと討て満洲","黒田 進",,,,,,,"タイヘイジャズバンド",,,,"鹿山映二郎",,"片岡志行",,,"タイヘイ","3318ｰA",,1932,"黒田 進は楠木繁夫の別名",,,
"01","舞踏流行歌","加太小唄","大阪 初栄",,,,,,,"芳奴(囃子)","小吉(囃子)","千代次(囃子)","タイヘイ和洋楽団","桑原春珠",,"上野山政男",,,"タイヘイ","4435ｰA",,1934,,,,
"01","舞踏流行歌","和歌山音頭","結城 浩","大阪 初栄","大阪 芳奴(囃子)","大阪 小吉(囃子)","大阪 千代次(囃子)",,,"芳奴(囃子)","小吉(囃子)","千代次(囃子)","タイヘイ和洋楽団","桑原春珠",,"上野山政男",,,"タイヘイ","4435ｰB",,1934,"結城 浩は楠木繁夫の別名",,,
"01","流行歌","微笑む翼","松山美知子",,,,,,,"タイヘイセレナーダス",,,,"木下 潤",,"タイヘイ文芸部",,,"タイヘイ","14979ｰB",,1935,"トロット",,,
"01","流行歌","来たぞ春","久保田郁男",,,,,,,"タイヘイダンスオーケストラ",,,,"堀田浩一",,"山田春夫",,,"タイヘイ","14979ｰA",,1935,"ブルース",,,
"01","流行歌","草に祈る","内海四郎",,,,,,,"タイヘイセレナーダス",,,,"西岡水朗",,"タイヘイ文芸部",,,"タイヘイ","6093ｰB",,"不詳","ワルツ
内海四郎は伊藤久男の別名",,,
"01","流行歌","歓喜の春","ミス・タイヘイ",,,,,,,"タイヘイセレナーダス",,,,"島田磬也",,"生田九郎",,,"タイヘイ","6093ｰA",,"不詳","トロット
ミス・タイヘイは奥田英子の別名",,,
"01","流行歌","離れ小島","川島信子",,,,,,,"タイヘイ管弦楽団",,,,"歌島花水",,"宍田文雄",,"宍田文雄","タイヘイ","S106-A",,1935,"トロット",,,
"01","流行歌","露の小路(こみち)","大山利夫",,,,,,,"タイヘイ管弦楽団",,,,"水島千秋",,"宍田文雄",,"宍田文雄","タイヘイ","S106-B",,1935,"トロット
大山利夫は楠木繁夫の別名",,,
"01","舞踏流行歌","祇園ながし","東京幾松",,,,,,,"タイヘイ和洋合奏団",,,,"歌島花水",,"宮本啓一",,,"タイヘイ","4450ｰB",,1934,,,,
"01","舞踏流行歌","みやこ音頭","東京幾松","結城 浩",,,,,,"初栄(囃子)","梅次(囃子)","〆奴(囃子)","タイヘイ和洋合奏団","塚本篤夫",,"宮本啓一",,,"タイヘイ","4450ｰA",,1934,"結城 浩は楠木繁夫の別名",,,
"01","流行歌","大阪音頭","結城 浩","かね本いく松",,,,,,"床栄(三味線)","床勇(三味線)","タイヘイ和洋楽団",,"野口雨情",,"大村能章",,,"タイヘイ","4350ｰA",,1933,"結城 浩は楠木繁夫の別名",,,
"01","流行歌","浪花小唄","かね本幾松",,,,,,,"タイヘイ和洋合奏団",,,,"原  阿佐緒",,"山野芳作",,,"タイヘイ","4350ｰB",,1933,,,,
"01","歌謡曲","島の子守唄","松山恵子",,,,,,,"日本マーキュリーオーケストラ",,,,"豊田一雄",,"豊田一雄",,"島田逸平","マーキュリー","H15127","30－1131",1955,,,,
"01","歌謡曲","ストトンワルツ","松山恵子",,,,,,,"日本マーキュリーオーケストラ",,,,"松村又一",,"星 幸男",,"飯田景応","マーキュリー","H15127","30－1133",1955,"星 幸男は遠藤 実の別名",,,
"10","記載なし","石榑(いしぐれ)小唄","宇佐美奈美子","津田次郎","いしぐれ合唱団",,,,,"NHKナゴヤアンサンブル",,,,,"印田巨像","森 一也",,,"マーキュリー","M1499","X3114","不詳",,,,
"10","記載なし","石榑(いしぐれ)小唄","津田次郎","北原孝子","いしぐれ合唱団",,,,,"NHKナゴヤアンサンブル",,,,,"印田巨像","森 一也",,,"マーキュリー","M1499","X3115","不詳",,,,
"01","歌謡曲","祇園の由良さん","藤島桓夫","マーキュリー合唱団  ",,,,,,"豊吉(三味線)","豊静(三味線)","マーキュリーオーケストラ",,"難波 哲",,"島田逸平",,"島田逸平","マーキュリー","H15191","31-1174",1956,,,,
"01","歌謡曲","十兵衛花の旅","藤島桓夫",,,,,,,"マーキュリーオーケストラ",,,,"松村又一",,"飯田景応",,"飯田景応","マーキュリー","H15191","31-1183",1956,,,,
"08","民謡","土佐へ来るなら","美ち奴",,,,,,,"マーキュリーオーケストラ",,,,"吉井 勇",,"田村しげる",,,"マーキュリー","M1670","東3411B","不詳",,,,
"10","記載なし","南国土佐を後にして","丘 京子",,,,,,,"高知サロンアンサンブル",,,,,"武政英策","記載なし",,"武政英策","マーキュリー","M1670","X3443","不詳",,,,
"10","記載なし","椿音頭","豆千代",,,,,,,"日本マーキュリーオーケストラ",,,,"高井みたび",,"西脇稔和",,"西脇稔和","マーキュリー","M1611","30X3334","不詳",,,,
"10","記載なし","椿ばやし","豆千代",,,,,,,"日本マーキュリーオーケストラ",,,,"立花かおる",,"西脇稔和",,"浜田元治","マーキュリー","M1611","30X3335","不詳",,,,
"01","歌謡曲","どうせこの世は頬かぶり","瀬川 伸",,,,,,,"日本マーキュリーオーケストラ",,,,"高野公男",,"島田逸平",,"島田逸平","マーキュリー","H15141","30ｰ1055",1955,"振付つき",,,
"01","歌謡曲","横浜のマドロスさん","瀬川 伸",,,,,,,"日本マーキュリーオーケストラ",,,,"牧 喜代司",,"袴田宗孝",,"杉原泰蔵","マーキュリー","H15141","30ｰ1055",1955,"振付つき",,,
"01","歌謡曲","初めて来た港","藤島桓夫",,,,,,,"日本マーキュリーオーケストラ",,,,"豊田一雄",,"豊田一雄",,"飯田景応","マーキュリー","H15117","29ｰ1004",1954,,,,
"01","歌謡曲","マリモ追分","野村雪子",,,,,,,"日本マーキュリーオーケストラ",,,,"豊田一雄",,"豊田一雄",,"大森盛太郎","マーキュリー","H15117","29ｰ1005",1954,,,,
"01","歌謡曲","野球拳","豆千代",,,,,,,"杵屋定之丞(三味線)","日本マーキュリーオーケストラ",,,"松村又一",,"記載なし",,"飯田景応","マーキュリー","H-15101","29ｰ969",1954,,,,
"01","歌謡曲","お宮さん","野村雪子","八志摩亀生",,,,,,"日本マーキュリーオーケストラ",,,,"松村又一",,"豊田一雄",,"豊田一雄","マーキュリー","H-15101","29ｰ970",1954,,,,
"01","歌謡曲","らしくもないぜ","藤島桓夫",,,,,,,"日本マーキュリーオーケストラ",,,,"唐崎まさはる",,"飯田景応",,"飯田景応","マーキュリー","H15173","30ｰ1145",1955,,,,
"01","歌謡曲","かえりの港","藤島桓夫",,,,,,,"日本マーキュリーオーケストラ",,,,"豊田一雄",,"豊田一雄",,"飯田景応","マーキュリー","H15173","30ｰ1147",1955,,,,
"04","軽音楽","初めて来た港","日本マーキュリー・オーケストラ",,,,,,,,,,,,,"豊田一雄",,"永田清嗣","マーキュリー","H15159","30－1092",1955,,,,
"04","軽音楽","初恋ワルツ","日本マーキュリー・オーケストラ",,,,,,,,,,,,,"飯田景応",,"永田清嗣","マーキュリー","H15159","30－1091",1955,,,,
"01","歌謡曲","どんぱん人生","寿賀太郎",,,,,,,"日本マーキュリーオーケストラ",,,,"十二村 哲",,"下村博敏",,"木村公一","マーキュリー","H15418",,1959,,,,
"01","歌謡曲","海の男と港の女","寿賀太郎",,,,,,,"日本マーキュリーオーケストラ",,,,"増田美智子",,"木村公一",,"牧野昭一","マーキュリー","H15418","34ｰ1790",1959,,,,
"01","歌謡曲","流れのエトランゼ","藤島桓夫",,,,,,,"日本マーキュリーオーケストラ",,,,"小島胡秋",,"清水綱雄",,"杉原泰蔵","マーキュリー","H15187","30ｰ1112",1955,,,,
"01","歌謡曲","潮来むすめ","藤島桓夫",,,,,,,"日本マーキュリーオーケストラ",,,,"佐藤秀千代",,"豊田一雄",,"島田逸平","マーキュリー","H15187","30ｰ1172",1955,,,,
"01","歌謡曲","待ってておくれ","瀬川 伸",,,,,,,"日本マーキュリーオーケストラ",,,,"牧 喜代司",,"袴田宗孝",,"袴田宗孝","マーキュリー","H15169","30ｰ1135",1955,,,,
"01","歌謡曲","東京マンボ娘","草葉ひかる",,,,,,,"日本マーキュリーオーケストラ",,,,"増田美智子",,"飯田景応",,"飯田景応","マーキュリー","H15169","30ｰ1117",1955,,,,
"01","歌謡曲","俺はひとりもの","藤島桓夫",,,,,,,"日本マーキュリーオーケストラ",,,,"豊田一雄",,"豊田一雄",,"飯田景応","マーキュリー","H15154","30ｰ1067",1955,,,,
"01","歌謡曲","さよならあばよ","藤島桓夫",,,,,,,"日本マーキュリーオーケストラ",,,,"唐崎まさはる",,"佐伯としお",,"飯田景応","マーキュリー","H15154","30ｰ1099",1955,,,,
"01","歌謡曲","銀座の休日","八志摩亀生",,,,,,,"日本マーキュリーオーケストラ",,,,"池田 誠",,"伊藤富士雄",,"杉原泰蔵","マーキュリー","H15119","29ｰ1010",1954,,,,
"01","歌謡曲","夜の溜息","青葉笙子",,,,,,,"日本マーキュリーオーケストラ",,,,"松村又一",,"島田逸平",,"島田逸平","マーキュリー","H15119","29ｰ1009",1954,,,,
"01","歌謡曲","屋台気質","藤島桓夫",,,,,,,"日本マーキュリーオーケストラ",,,,"那珂林 晃",,"西脇稔和",,"飯田景応","マーキュリー","H15124","29ｰ1020",1955,,,,
"01","歌謡曲","哀愁の佐渡航路","桜井 稔",,,,,,,"日本マーキュリーオーケストラ",,,,"水島 廉",,"島田逸平",,"島田逸平","マーキュリー","H15124","29ｰ1021",1955,,,,
"01","歌謡曲","マドロスおけさ","藤島桓夫",,,,,,,"日本マーキュリーオーケストラ",,,,"松村又一",,"星 幸男",,"杉原泰蔵","マーキュリー","H15171","30ｰ1133",1955,"星 幸男は遠藤 実の別名",,,
"01","歌謡曲","何で男が泣くものか","稲沢一郎",,,,,,,"日本マーキュリーオーケストラ",,,,"増田美智子",,"星 幸男",,"杉原泰蔵","マーキュリー","H15171","30ｰ1368",1955,"星 幸男は遠藤 実の別名",,,
"01","歌謡曲","ジャワ旅愁","東海林太郎",,,,,,,"日本マーキュリーオーケストラ",,,,"豊田一雄",,"豊田一雄",,"大森盛太郎","マーキュリー","Hｰ15003","28ｰ727",1953,,,,
"01","歌謡曲","異人屋敷の夢の花","野村雪子",,,,,,,"日本マーキュリーオーケストラ",,,,"江川恵子",,"飯田景応",,"飯田景応","マーキュリー","Hｰ15003","28ｰ731",1953,,,,
"10","記載なし","松浜音頭","〆香",,,,,,,"いそ子(三味線)","豊光(三味線)","福原鶴輔(太鼓)",,"内山松頼",,"内山松頼",,,"マーキュリー","M2085","X4345","不詳",,,,
"10","記載なし","松浜小唄","〆香",,,,,,,"いそ子(三味線)","豊光(三味線)",,,"内山松頼",,"内山松頼",,,"マーキュリー","M2085","X4346","不詳",,,,
"01","歌謡曲","湯の町こけし","松山恵子",,,,,,,"日本マーキュリーオーケストラ",,,,"松村又一",,"飯田景応",,"飯田景応","マーキュリー","H15281","32ｰ1443",1957,,,,
"01","歌謡曲","未練の波止場","松山恵子",,,,,,,"日本マーキュリーオーケストラ",,,,"松井由利夫",,"水時冨士夫",,"飯田景応","マーキュリー","H15281","32ｰ1445",1957,,,,
"08","記載なし","南国節","益弘 稔",,,,,,,"土佐電鉄軽音楽団",,,,,"武政英策","記載なし",,"記載なし","マーキュリー","Mｰ2239","X4562","不詳",,,,
"08","記載なし","豊稔音頭","益弘 稔","丘 京子 ",,,,,,"土佐電鉄軽音楽団",,,,"宇田政治経済研究会",,"武政英策",,,"マーキュリー","Mｰ2239","X4563","不詳",,,,
"01","歌謡曲","パラオ航路のマドロスさん","瀬川 伸",,,,,,,"日本マーキュリーオーケストラ",,,,"牧 喜代司",,"袴田宗孝",,"飯田景応","マーキュリー","H15110","29ｰ990",1954,,,,
"01","歌謡曲","夫婦道中","瀬川 伸",,,,,,,"日本マーキュリーオーケストラ",,,,"山本逸朗",,"新良晋一郎",,"新良晋一郎","マーキュリー","H15110","29ｰ989",1954,,,,
"06","映画主題歌","裏町月夜","藤島桓夫",,,,,,,"マーキュリーオーケストラ",,,,"松坂直美",,"近江俊郎",,"鴎 啓","マーキュリー","H15246",,1956,,,,
"06","映画主題歌","坊っちゃん青空を行く","藤島桓夫",,,,,,,"マーキュリーオーケストラ",,,,"松坂直美",,"近江俊郎",,"近江俊郎","マーキュリー","H15246","31ｰ1377",1956,,,,
"01","歌謡曲","天龍鴉","瀬川 伸",,,,,,,"日本マーキュリーオーケストラ",,,,"横山賢一",,"島田逸平",,"島田逸平","マーキュリー","H15130","29ｰ1037",1955,,,,
"01","歌謡曲","お軽さん","野村雪子",,,,,,,"日本マーキュリーオーケストラ",,,,"牧 喜代司",,"豊田一雄",,"島田逸平","マーキュリー","H15130","29ｰ1030",1955,,,,
"01","流行歌","紺屋髙尾ぶし","豆千代","井田照夫",,,,,,"タイヘイオーケストラ",,,,"松村又一",,"原 味津三",,"宇津美俊雄","タイヘイ","H15108","26ｰ294",1951,,,,
"01","流行歌","新炭坑節くづし","豆千代",,,,,,,"タイヘイオーケストラ",,,,"記載なし",,"記載なし",,"宇津美俊雄","タイヘイ","H15108","26ｰ287",1951,,,,
"01","歌謡曲","からかっちゃ嫌よ","青葉笙子","由利 章",,,,,,"日本マーキュリーオーケストラ",,,,"豊田一雄",,"豊田一雄",,"間木由利夫","マーキュリー","H15125","29ｰ1025",1955,,,,
"01","歌謡曲","大相撲ジャズ場所","八志摩亀生",,,,,,,"日本マーキュリーオーケストラ",,,,"塚田 茂",,"村山芳男",,"村山芳男","マーキュリー","H15125","29ｰ1024",1955,,,,
"01","歌謡曲","嘘は云わぬよ","藤島桓夫",,,,,,,"日本マーキュリーオーケストラ",,,,"松村又一",,"星 幸男",,"飯田景応","マーキュリー","H15195","31ｰ1188",1956,"星 幸男は遠藤 実の別名",,,
"01","歌謡曲","アンコ追分","松山恵子",,,,,,,"日本マーキュリーオーケストラ",,,,"松村又一",,"豊田一雄",,"飯田景応","マーキュリー","H15195","31ｰ1191",1956,,,,
"01","流行歌","支那服の娘さん","藤原千多歌",,,,,,,"タイヘイオーケストラ",,,,"牧 喜代司",,"島田逸平",,"島田逸平","タイヘイ","Ⓗ10269","27ｰ571",1952,,,,
"01","流行歌","さらば寄港地","瀬川 伸",,,,,,,"タイヘイオーケストラ",,,,"中川啓児",,"袴田宗孝",,"飯田景応","タイヘイ","Ⓗ10269","27ｰ567",1952,,,,
"01","歌謡曲","恋の三度笠","瀬川 伸",,,,,,,"日本マーキュリーオーケストラ",,,,"藤田まさと",,"真木 陽",,"間 久里","マーキュリー","H15104","29ｰ928",1954,,,,
"01","歌謡曲","おばこ月夜","野村雪子",,,,,,,"日本マーキュリーオーケストラ",,,,"難波 哲",,"島田逸平",,"島田逸平","マーキュリー","H15104","29ｰ958",1954,,,,
"01","歌謡曲","三味線ウスカダラ","喜代丸",,,,,,,"日本マーキュリーオーケストラ",,,,"増田美智子",,"杉原泰蔵",,"杉原泰蔵","マーキュリー","H15126","29ｰ1022",1954,,,,
"01","歌謡曲","お座敷数え唄","紅香",,,,,,,"日本マーキュリーオーケストラ",,,,"牧 喜代司",,"記載なし",,"宇津美俊雄","マーキュリー","H15126","29ｰ1023",1954,,,,
"01","舞踏歌謡","黒髪懺悔","新橋喜代丸",,,,,,,"タイヘイオーケストラ",,,,"藤田まさと",,"阿部武雄",,"阿部武雄","タイヘイ","Ⓗ10327","28ｰ649",1953,,,,
"01","歌謡曲","涙の京娘","藤原千多歌",,,,,,,"タイヘイオーケストラ",,,,"福田主計",,"草笛道夫",,"草笛道夫","タイヘイ","Ⓗ10327","28ｰ653",1953,,,,
"01","歌謡曲","流転三度笠","藤島桓夫",,,,,,,"日本マーキュリーオーケストラ",,,,"松村又一",,"飯田景応",,"飯田景応","マーキュリー","H15324","31ｰ1372",1957,,,,
"01","歌謡曲","女三度笠","松山恵子",,,,,,,"日本マーキュリーオーケストラ",,,,"牧 喜代司",,"島田逸平",,"島田逸平","マーキュリー","H15324","31ｰ1093",1957,,,,
"01","歌謡曲","フンわかんないわ","生駒美恵子",,,,,,,"日本マーキュリーオーケストラ",,,,"村田吉三郎",,"森 明",,"森 明","マーキュリー","H15389","34ｰ1633",1959,,,,
"01","歌謡曲","東京の雨が泣いたっけ","久我恵子",,,,,,,"日本マーキュリーオーケストラ",,,,"司たかし",,"豊中 駿",,"北山信夫","マーキュリー","H15389","34ｰ1725",1959,,,,
"01","歌謡曲","ネオンのかげで嘆く男","藤島桓夫",,,,,,,"日本マーキュリーオーケストラ",,,,"牧 喜代司",,"袴田宗孝",,"袴田宗孝","マーキュリー","H15346","33ｰ1609",1958,,,,
"01","歌謡曲","慕情の岬","藤島桓夫",,,,,,,"日本マーキュリーオーケストラ",,,,"松村又一",,"遠藤 実",,"牧 宏一","マーキュリー","H15346","33ｰ1610",1958,,,,
"01","歌謡曲","恋の三本マスト","エト邦枝",,,,,,,"タイヘイオーケストラ",,,,"大橋まさを",,"西脇稔和",,"大森盛太郎","タイヘイ","Ⓗ10132","26ｰ234",1951,,,,
"01","歌謡曲","港神戸のマドロスさん","瀬川 伸",,,,,,,"タイヘイオーケストラ",,,,"山本逸朗",,"島田逸平",,"島田逸平","タイヘイ","Ⓗ10132","26-215",1952,,,,
"08","新小唄","赤穂御崎音頭","おせん","タイヘイ少女合唱団",,,,,,"タイヘイ和洋楽団",,,,"清水忠顕",,"タイヘイ文芸部",,,"タイヘイ","4719-B",,1934,,,,
"08","新小唄","赤穂御崎小唄","結城 浩","タイヘイ少女合唱団",,,,,,"タイヘイ和洋楽団",,,,"八代 正",,"佐藤行洋",,,"タイヘイ","4719-A",,1934,"結城 浩は楠木繁夫の別名",,,
"08","記載なし","高槻音頭","小笠原美都子",,,,,,,"タイヘイオーケストラ",,,,"最上歌彦",,"阿部宣楽",,,"タイヘイ","M-359","X-760","不詳","高槻観光協会撰定　委託盤",,,
"08","新小唄","神崎小唄（名所）","政代",,,,,,,"タイヘイ和洋楽団",,,,"記載なし",,"記載なし",,"タイヘイ文芸部","タイヘイ","4682-B",,"不詳","神戸新聞社募集当選歌",,,
"08","新小唄","神崎小唄（産業）","結城 浩",,,,,,,"タイヘイ和洋楽団",,,,"記載なし",,"記載なし",,"タイヘイ文芸部","タイヘイ","4682-A",,"不詳","神戸新聞社募集当選歌
結城 浩は楠木繁夫の別名",,,
"08","新小唄","えびす祭音頭","西宮検 お染(唄)","結城 浩(唄)","タイヘイ少女合唱団(囃子)",,,,,"タイヘイ和洋楽団",,,,"タイヘイ文芸部",,"タイヘイ文芸部",,,"タイヘイ","4594-A",,1934,,,,
"08","舞踏新小唄","阪神シャンソン","新中検 政代",,,,,,,"タイヘイサロンオーケストラ",,,,"瀬戸 純",,"松永和夫",,,"タイヘイ","4594-B",,1934,,,,
"01","流行歌","上海娘","沢 雅子",,,,,,,,,,,"佐伯 龍",,"阪東政一",,,"タイヘイ",10178,,1938,,,,
"01","記載なし","別れの波止場","橋本一郎",,,,,,,,,,,"木下 潤",,"飯田三郎",,"飯田三郎","タイヘイ",10178,16954,1938,,,,
"04","ハワイ音楽","ホノルルの月","フランク須田",,,,,,,"タイヘイハワイアンバンド",,,,"福隅重雄",,"南里文雄",,"南里文雄","タイヘイ",10199,7262,1938,,,,
"04","ハワイ音楽","月下の丘に","ヘレン本田",,,,,,,"タイヘイハワイアンバンド",,,,"松村又一",,"記載なし",,"レイモンド服部","タイヘイ",10199,3507,1938,,,,
"01","愛国流行歌","野戦病院から","橋本一郎",,,,,,,,,,,"野村俊夫",,"北大路 浩",,,"タイヘイ",10082,,1938,,,,
"01","流行歌","月影冴えて","筑波 高","南じゃるみ",,,,,,,,,,"塚本篤夫",,"飯田三郎",,,"タイヘイ",10082,,1938,,,,
"01","流行歌","お軽勘平","喜代丸","筑波 高",,,,,,,,,,"西岡水朗",,"飯田三郎",,,"タイヘイ",10095,,1938,,,,
"01","流行歌","牛づれ馬づれ","二村定一",,,,,,,,,,,"宮本旅人",,"飯田景応",,"工藤 進","タイヘイ","記載なし",,1937,"私家盤？タイトル、歌手名はゴム印
正規盤は21130-A",,,
"01","流行歌","街のジンタ","竹内龍夫",,,,,,,,,,,"中島まさき",,"宮脇春夫",,,"タイヘイ","記載なし",,1937,"私家盤？タイトル、歌手名はゴム印
正規盤は21129-B",,,
"01","流行歌","海防(ファイホン)だより","三原純子",,,,,,,"タイヘイ管弦楽団",,,,"関沢新一",,"細田義勝",,"細田義勝","タイヘイ",30034,,1941,,,,
"01","流行歌","軍靴千里","橋本一郎",,,,,,,"タイヘイ管弦楽団",,,,"山崎 正",,"飯田三郎",,"飯田三郎","タイヘイ",30034,,1941,,,,
"07","童謡","をぢさんありがとう","浪速こども合唱隊",,,,,,,"タイヘイ管弦楽団",,,,"土岐善麿",,"中山晋平",,"阪東政一","タイヘイ",10317,,1938,,,,
"10","記載なし","傷痍の勇士","阿部幸次",,,,,,,"タイヘイ管弦楽団",,,,"土岐善麿",,"堀内敬三",,"内田 元","タイヘイ",10317,,1938,,,,
"01","流行歌","京むすめ","月村光子",,,,,,,"タイヘイ管弦楽団",,,,"判読できず",,"判読できず",,,"タイヘイ",10414,17166,"不詳","判読できず",,,
"01","流行歌","若き京都","高橋文夫","タイヘイコーラス",,,,,,"タイヘイ管弦楽団",,,,"佐伯 龍",,"近藤 広",,,"タイヘイ",10414,17143,"不詳",,,,
"01","流行歌","想い出のの月影","月村光子(唄)","伏見信子(台詞)",,,,,,"タイヘイ管弦楽団",,,,"最上 洋",,"近藤 広",,"北大路 浩","タイヘイ",10311,17011,1938,,,,
"01","流行歌","若き日の頃","伏見信子",,,,,,,,,,,"野村俊夫",,"飯田三郎",,,"タイヘイ",10311,,1938,,,,
"10","体操歌","日の本の少女","タイヘイ管弦楽団",,,,,,,"タイヘイ管弦楽団",,,,,,"藤田経秋",,"篠原正雄","タイヘイ",10287,3202,1938,"女子保健体操歌",,,
"10","体操歌","日の本の少女","由利文子",,,,,,,"タイヘイ管弦楽団",,,,"蒲生俊文",,"藤田経秋",,"篠原正雄","タイヘイ",10287,3202,1938,"女子保健体操歌",,,
"01","流行歌","茶作り次郎長","井田照夫",,,,,,,"タイヘイ管弦楽団",,,,"山崎 正",,"草笛道夫",,"飯田三郎","タイヘイ",30032,,1941,,,,
"01","流行歌","お里真実ぶし","喜代丸",,,,,,,"タイヘイ管弦楽団",,,,"松村又一",,"飯田三郎",,"飯田三郎","タイヘイ",30032,8328,1941,,,,
"01","歌謡曲","明け行く大陸","小林千代子",,,,,,,"判読できず",,,,"牧 喜代司",,"細田義勝",,"飯田三郎","タイヘイ",30070,,1941,,,,
"01","歌謡曲","スキー楽しや","松平 晃",,,,,,,"判読できず",,,,"宮島清美",,"鈴木武雄",,"和田 健","タイヘイ",30070,,1941,,,,
"01","愛国流行歌","さみだれ軍歌","筑波 高",,,,,,,"タイヘイ管弦楽団",,,,"和田隆夫",,"飯田三郎",,"和田 健","タイヘイ",10377,17112,1938,,,,
"01","流行歌","姑娘(クーニャン)いとしや","月村光子",,,,,,,"タイヘイ管弦楽団",,,,"牧 耕一郎",,"長谷川堅二",,"和田 健","タイヘイ",10377,17114,1938,,,,
"01","流行歌","タンポポの歌","松平 晃",,,,,,,"タイヘイ管弦楽団",,,,"長良一郎",,"牧 耕一",,"牧 耕一","タイヘイ",30048,18528,1941,,,,
"01","流行歌","三色の薔薇","松平 晃",,,,,,,"タイヘイ管弦楽団",,,,"長良一郎",,"牧 耕一",,"和田 健","タイヘイ",30048,18537,1941,,,,
"06","映画主題歌","綾子の唄","高松三枝子(唄)","真山くみ子(台詞)",,,,,,"タイヘイ管弦楽団",,,,"判読できず",,"飯田三郎",,"飯田三郎","タイヘイ",30020,,1941,"新興映画主題歌",,,
"06","映画主題歌","激流の唄","立花ひろし","タイヘイコーラス",,,,,,"タイヘイ管弦楽団",,,,"判読できず",,"判読できず",,,"タイヘイ",30020,,1941,"新興映画主題歌　判読できず",,,
"01","忠臣歌","大高源吾","橋本一郎",,,,,,,"タイヘイ管弦楽団",,,,"西岡水朗",,"飯田三郎",,"飯田三郎","タイヘイ",10099,,"不詳","判読できず",,,
"07","記載なし","愛馬進軍歌","阿部幸次",,,,,,,"タイヘイ管弦楽団",,,,"記載なし",,"記載なし",,"内田 元","タイヘイ",10512,17259,1939,"陸軍省撰定文部省検定済",,,
"07","童謡","ぼくらのお馬","植松 薫","金の鈴こども会(合唱)",,,,,,"タイヘイ管弦楽団",,,,"石井勝治",,"長谷川堅二",,,"タイヘイ",10512,17259,1939,"陸軍省撰定　",,,
"10","儀式歌","紀元二千六百年頌歌","栄原慶子","大石富美子",,,,,,"タイヘイ管弦楽団",,,,"東京音楽学校",,"東京音楽学校",,"長谷川堅二","タイヘイ",11104,17835,1940,"紀元二千六百年奉祝会撰定",,,
"04","ジャズソング","クンパルシータ","トニー相良",,,,,,,"タイヘイジャズオーケストラ",,,,"島田磬也",,,,"アルゼンチンタンゴバンド","タイヘイ",10381,5577,"不詳",,,,
"04","ジャズソング","夢淡く","フランク須田",,,,,,,"タイヘイジャズオーケストラ",,,,"上村厚夫",,,,"平 茂夫","タイヘイ",10381,15341,"不詳",,,,
"01","新流行歌","新道頓堀行進曲","青井八郎","タイヘイコーラス",,,,,,"タイヘイ管弦楽団",,,,"塚本篤夫",,"近藤 広",,,"タイヘイ",10371,17122,1938,,,,
"01","流行歌","大阪娘","月村光子",,,,,,,,,,,"佐伯 龍",,"阪東政一",,,"タイヘイ",10371,,1938,,,,
"01","流行歌","妹よ","松平 晃",,,,,,,"タイヘイ管弦楽団",,,,"植村謙一",,"松平 晃",,"多 孝","タイヘイ",30047,18533,1941,,,,
"01","流行歌","月の蘇州","松平 晃",,,,,,,"タイヘイ管弦楽団",,,,"大倉文雄",,"多 孝",,,"タイヘイ",30047,18529,1941,,,,
"01","流行歌","月の黄河","伏見信子",,,,,,,"タイヘイ管弦楽団",,,,"野村俊夫",,"近藤 広",,"飯田三郎","タイヘイ",10410,17151,1939,,,,
"01","流行歌","黄昏の上海","高橋文夫",,,,,,,"タイヘイ管弦楽団",,,,"和田春夫",,"阪東政一",,"阪東政一","タイヘイ",10410,17150,1939,,,,
"01","流行歌","乙女月夜","三原純子",,,,,,,"タイヘイ管弦楽団",,,,"松村又一",,"西山春雄",,"飯田三郎","タイヘイ","G-40041",18030,1940,,,,
"01","流行歌","港の純情","立花ひろし",,,,,,,"タイヘイ管弦楽団",,,,"新島芳美",,"辰巳 白",,,"タイヘイ","G-40041",,1940,,,,
"01","歌謡曲","名残りのパイプ","立花ひろし",,,,,,,"タイヘイ管弦楽団",,,,"原  比呂志",,"大橋 章",,"飯田三郎","タイヘイ",30051,,1941,,,,
"01","歌謡曲","蘭印娘","三原純子",,,,,,,,,,,"佐伯 龍",,"飯田三郎",,,"タイヘイ",30051,,1941,,,,
"01","愛国流行歌","泪で立てし日の丸よ","筑波 高",,,,,,,"タイヘイ管弦楽団",,,,"岩瀬正外",,"近藤 広・飯田三郎",,"飯田三郎","タイヘイ",10214,16984,1938,,,,
"01","愛国流行歌","夢のお便り","喜代丸",,,,,,,"タイヘイ管弦楽団",,,,"野村俊夫",,"飯田三郎",,"飯田三郎","タイヘイ",10214,16969,1938,,,,
"06","映画主題歌","燦めく星座(晋作の唄)","高橋文夫",,,,,,,"タイヘイ管弦楽団",,,,"野村俊夫",,"飯田三郎",,"飯田三郎","タイヘイ",10536,17341,1939,"新興東京特作映画「燦めく星座」
主題歌",,,
"06","映画主題歌","燦めく星座(夏子の唄)","沢 雅子",,,,,,,"タイヘイ管弦楽団",,,,"野村俊夫",,"飯田三郎",,"飯田三郎","タイヘイ",10536,17341,1939,"新興東京特作映画「燦めく星座」
主題歌",,,
"01","愛国流行歌","母ぢゃもの","喜代丸",,,,,,,"タイヘイ管弦楽団",,,,"野村俊夫",,"飯田三郎",,"飯田三郎","タイヘイ",10409,17147,1939,,,,
"01","愛国流行歌","進め愛馬よ","筑波 高(唄)","法喜聖二(振付)",,,,,,"タイヘイ管弦楽団",,,,"野村俊夫",,"飯田三郎",,"飯田三郎","タイヘイ",10409,17145,1939,,,,
"01","愛国流行歌","男と生れて","筑波 高",,,,,,,"タイヘイ管弦楽団",,,,"野村俊夫",,"飯田三郎",,"飯田三郎","タイヘイ","10007-B",,1938,,,,
"01","愛国流行歌","戦線みやげ","橋本一郎",,,,,,,"タイヘイ管弦楽団",,,,"西岡水朗",,"飯田三郎",,"飯田三郎","タイヘイ","10007-A",,1938,,,,
"01","愛国流行歌","銃剣日記","筑波 高",,,,,,,"タイヘイ管弦楽団",,,,"塚本篤夫",,"阪東政一",,"阪東政一","タイヘイ","10023ｰA",,1938,,,,
"01","流行歌","男度胸で","橋本一郎",,,,,,,"タイヘイ管弦楽団",,,,"野村俊夫",,"飯田三郎",,"飯田三郎","タイヘイ","10023ｰB",,1938,,,,
"01","愛国流行歌","漢口陥落","秩父晴夫","青井八郎","タイヘイコーラス",,,,,"タイヘイ管弦楽団",,,,"野村俊夫",,"飯田三郎",,"飯田三郎","タイヘイ",10375,17111,1938,,,,
"01","愛国流行歌","勇士の純情","井田照夫",,,,,,,"タイヘイ管弦楽団",,,,"堤 一郎",,"草笛道夫",,"草笛道夫","タイヘイ",10507,17230,1939,,,,
"01","愛国流行歌","戦線春だより","井田照夫",,,,,,,"タイヘイ管弦楽団",,,,"堤 一郎",,"草笛道夫",,"飯田三郎","タイヘイ",10507,17228,1939,,,,
"01","愛国流行歌","母と兵隊","井田照夫",,,,,,,"タイヘイ管弦楽団",,,,"野村俊夫",,"飯田三郎",,"飯田三郎","タイヘイ",10513,17275,1939,,,,
"01","愛国流行歌","妻ぢゃもの","喜代丸",,,,,,,"タイヘイ管弦楽団",,,,"野村俊夫",,"飯田三郎",,"飯田三郎","タイヘイ",10513,17282,1939,,,,
"01","流行歌","海のない港","林 伊佐緒",,,,,,,"タイヘイ管弦楽団",,,,"野村俊夫",,"長津 弥",,"長津 弥","タイヘイ","56483ｰB",,1936,"トロット",,,
"01","流行歌","二人の青春","奥田英子","林 伊佐緒",,,,,,"タイヘイ管弦楽団",,,,"松坂直美",,"片岡志行",,"片岡志行","タイヘイ","56483ｰA",,1936,"トロット",,,
"01","流行歌","涙の月夜","北原雪子",,,,,,,"ウエスターン管弦楽団",,,,"松坂直美",,"鈴木武男",,"中村","タイヘイ","21230ｰA",,1937,,,,
"01","流行歌","花すみれ","竹内龍夫",,,,,,,"ウエスターン管弦楽団",,,,"久礼まさ美",,"近藤 広",,"杉田良造","タイヘイ","21230ｰB",,1937,,,,
"01","流行歌","こんな妾(わたし)に誰がした","新橋喜代丸",,,,,,,"ウエスターン管弦楽団",,,,"宮本旅人",,"長津 弥",,"長津 弥","タイヘイ","21206ｰB",,1937,,,,
"01","流行歌","逢いたいわ","新橋喜代丸",,,,,,,"ウエスターン管弦楽団",,,,"松坂直美",,"山下五郎",,"飯田三郎","タイヘイ","21206ｰA",,1937,,,,
"01","流行歌","夕陽沈めば","ミス・タイヘイ",,,,,,,"タイヘイダンスオーケストラ",,,,"篠原清二",,"横山はるを",,,"タイヘイ","56107ｰB",,1935,"タンゴ
ミス・タイヘイは奥田英子の別名",,,
"01","流行歌","恋のスキーヤー","マイラッキーボーイ",,,,,,,"タイヘイダンスオーケストラ",,,,"畑 喜代司",,"近藤十九二",,,"タイヘイ","56107ｰA",,1935,"トロット
マイラッキーボーイは日置 静の別名",,,
"06","映画主題歌","箱根八里","橋本一郎",,,,,,,"タイヘイ管弦楽団",,,,"塚本篤夫",,"大村能章",,,"タイヘイ","56425-A",,1936,"右太プロ超特作映画
「箱根八里」主題歌",,,
"06","映画主題歌","あやつり人形の唄","虎龍",,,,,,,"タイヘイ管弦楽団",,,,"西川林之助",,"直川哲也",,"長津 弥","タイヘイ","56425-B",,1936,"右太プロ超特作映画
「箱根八里」主題歌",,,
"08","新小唄","無敵節","虎龍",,,,,,,"タイヘイ囃子連中","タイヘイ和洋楽団",,,"松本一晴",,"大村能章",,"平 茂夫","タイヘイ","56128-A",,1935,,,,
"10","行進曲","大亜細亜行進曲","阿部幸次",,,,,,,"タイヘイ管弦楽団",,,,"松坂なほみ",,"近藤十九二",,"平 茂夫","タイヘイ","56128-B",,1935,,,,
"01","流行歌","濡れて来たのに","新橋喜代丸",,,,,,,"タイヘイセレナーダス",,,,"時雨音羽",,"大村能章",,"大村能章","タイヘイ","56377ｰB",,1935,,,,
"01","流行歌","峠の花","新橋喜代丸",,,,,,,"タイヘイ和洋楽団",,,,"時雨音羽",,"大村能章",,"大村能章","タイヘイ","56377ｰA",,1935,,,,
"01","流行歌","青空高く","日置 静",,,,,,,"タイヘイダンスオーケストラ",,,,"畑 喜代司",,"北木正義",,,"タイヘイ","56115-A",,1935,,,,
"01","流行歌","讃えよ春","日置 静",,,,,,,"タイヘイダンスオーケストラ",,,,"松本みどり",,"近藤十九二",,,"タイヘイ","56115-B",,1935,,,,
"01","流行歌","しぐれ恋路","新橋喜代丸",,,,,,,"タイヘイセレナーダス",,,,"野村俊夫",,"服部良一",,,"タイヘイ","56397-A",,1935,,,,
"01","流行歌","橇にゆられて","佐藤君夫",,,,,,,"タイヘイ管弦楽団",,,,"松坂直美",,"近藤十九二",,"服部良一","タイヘイ","56397-B",,1935,,,,
"01","流行歌","主は無情","近藤 実","新橋みどり",,,,,,"タイヘイ管弦楽団",,,,"宮島敬二",,"片岡志行",,"片岡志行","タイヘイ","56484-A",,1936,"トロット",,,
"01","流行歌","判読できず","判読できず",,,,,,,"判読できず",,,,"判読できず",,"判読できず",,"判読できず","タイヘイ","56484-B",,1936,,,,
"01","流行歌","港出る時","橋本一郎",,,,,,,"タイヘイ管弦楽団",,,,"野村俊夫",,"宮脇春夫",,"宮脇春夫","タイヘイ","56430-A",,1936,,,,
"01","流行歌","深山おぼこ","喜代丸",,,,,,,"タイヘイ管弦楽団",,,,"南條歌美",,"大村能章",,"大村能章","タイヘイ","56430-B",,1936,,,,
"04","ハヤイアンソング","去りし乙女","リチャード広川",,,,,,,"ムラカミエンドヒズサザンクロスカレヂアンズ
ムラカミは村上一徳か？",,,,"関川 正(訳)",,"記載なし",,,"タイヘイ","56174-A",,1935,"ハワイアソング　トロット",,,
"04","ハヤイアンソング","ブリュー・プレリュード","ミッキー松山",,,,,,,"ムラカミエンドヒズサザンクロスカレヂアンズ
ムラカミは村上一徳か？",,,,"関川 正(訳)",,"記載なし",,,"タイヘイ","56174-B",,1935,"ハワイアソング　ブルース　ミッキー松山＝松山映子",,,
"01","流行歌","希望の青空","橋本一郎","ミス・タイヘイ　",,,,,,,,,,"島田芳文",,"服部良一",,"服部良一","タイヘイ","56431-A",,1936,"ミス・タイヘイは奥田英子の別名",,,
"01","流行歌","ちょいとあの人好きな方","ミス・タイヘイ",,,,,,,"タイヘイ管弦楽団",,,,"島田磬也",,"宮脇春夫",,"宮脇春夫","タイヘイ","56431-B",,1936,"ミス・タイヘイは奥田英子の別名",,,
"01","流行歌","花に浮かれて","林 伊佐緒","新橋喜代丸","タイヘイ合唱団",,,,,"タイヘイ和洋楽団",,,,"時雨音羽",,"北木正義",,"北木正義","タイヘイ","56496-A",,1936,,,,
"01","流行歌","さくら祭","橋本一郎","新橋喜代丸","タイヘイ合唱団",,,,,"タイヘイ和洋楽団",,,,"時雨音羽",,"長津 弥",,"長津 弥","タイヘイ","56496-B",,1936,,,,
"07","軍歌","独立守備の歌","辻順治楽長指揮","陸軍戸山学校軍楽隊",,,,,,,,,,"独立守備隊",,"陸軍戸山学校軍楽隊",,,"タイヘイ","56674-A",,"不詳",,,,
"07","軍歌","朝鮮国境守備の歌","辻順治楽長指揮","陸軍戸山学校軍楽隊",,,,,,,,,,"朝鮮軍",,"陸軍軍楽隊",,,"タイヘイ","56674-B",,"不詳",,,,
"01","流行歌","別れの船出","津田陽一","月岡麗子",,,,,,"タイヘイ管弦楽団",,,,"西岡水朗",,"水谷ひろし",,"水谷ひろし","タイヘイ","56550-A",,1936,,,,
"01","流行歌","思い出しては","津田陽一",,,,,,,"タイヘイ管弦楽団",,,,"西岡水朗",,"水谷ひろし",,"水谷ひろし","タイヘイ","56550-B",,1936,,,,
"01","新傾向流行歌","詩吟ながし","楠 華子",,,,,,,"荒牧輝鳳(琵琶)","タイヘイ和洋楽団",,,"荒牧輝鳳",,"荒牧輝鳳",,"遠藤和一","タイヘイ","56288-A",,1935,,,,
"01","新傾向流行歌","お吉狂乱","楠 華子",,,,,,,"荒牧輝鳳(琵琶)","タイヘイ和洋楽団",,,"荒牧輝鳳",,"荒牧輝鳳",,"遠藤和一","タイヘイ","56288-B",,1935,,,,
"01","流行歌","いつもテイテイ","ミス・タイヘイ",,,,,,,"タイヘイアルゼンチナ楽団",,,,"沼津太郎",,"記載なし",,"篠原正雄","タイヘイ","56373-A",,1935,"パソドブレ
ミス・タイヘイは奥田英子の別名",,,
"01","流行歌","月の青さに","マイラッキーボーイ",,,,,,,"タイヘイダンスオーケストラ",,,,"富山英一郎",,"渡辺健次郎",,"服部良一","タイヘイ","56373-B",,1935,"ブルース
マイラッキーボーイは日置 静の別名",,,
"01","流行歌","国境の月","マイラッキーボーイ",,,,,,,"タイヘイダンスオーケストラ",,,,"松坂なほみ",,"近藤十九二",,,"タイヘイ","56233-A",,1935,"マイラッキーボーイは日置 静の別名",,,
,,"涙の旅路","ミス・タイヘイ",,,,,,,"タイヘイセレナーダス",,,,"藤川 清",,"藤川 清",,,"タイヘイ","56233-B",,1935,"ミス・タイヘイは奥田英子の別名",,,
"01","流行歌","北満哀歌","新橋みどり","志村道夫",,,,,,"タイヘイ管弦楽団",,,,"伊藤松雄",,"山路幸男",,"山路幸男","タイヘイ","56667-A",,"不詳",,,,
,,"塹壕の夢","虎龍","男声合唱付",,,,,,"タイヘイ管弦楽団",,,,"伊藤松雄",,"服部良一",,"服部良一","タイヘイ","56667-B",,"不詳","56450-Aと同じ曲か？",,,
"01","流行歌","大阪さわぎ","ミス・タイヘイ","林 伊佐緒",,,,,,"タイヘイ管弦楽団",,,,"伊藤松雄",,"服部良一",,"服部良一","タイヘイ","56449-A",,1936,"ミス・タイヘイは奥田英子の別名",,,
"01","流行歌","大阪さわぎ","日置 静・富丸",,,,,,,"タイヘイ管弦楽団",,,,"伊藤松雄",,"服部良一",,"服部良一","タイヘイ","56449-B",,1936,,,,
"01","流行歌","君を想えば","ミス・タイヘイ",,,,,,,"タイヘイダンスオーケストラ",,,,"畑 喜代司",,"広小路 章",,"谷口又士","タイヘイ","56398-A",,1935,"ミス・タイヘイは奥田英子の別名",,,
"01","流行歌","泣きぼくろ","マイラッキーボーイ",,,,,,,"タイヘイ管弦楽団",,,,"山田としを",,"北 三夫",,"服部良一","タイヘイ","56398-B",,1935,,,,
"01","流行歌","股旅小唄","マイラッキーボーイ",,,,,,,"タイヘイセレナーダス",,,,"時雨音羽",,"大村能章",,"大村能章","タイヘイ","56320-A",,1935,"トロット
マイラッキーボーイは日置 静の別名",,,
"01","流行歌","あの日あの頃","ミス・タイヘイ",,,,,,,"タイヘイセレナーダス",,,,"時雨音羽",,"水原英明",,"平 茂夫","タイヘイ","56320-B",,1935,"トロット
ミス・タイヘイは奥田英子の別名",,,
"06","映画主題歌","拾った女","杉 狂児","如月玲子",,,,,,"日活アクターズバンド",,,,"志村雄作",,"西 梧郎",,,"タイヘイ","特3901-A",,1933,"大日活『恋と拳闘』主題歌　
特盤",,,
"06","映画主題歌","恋と拳闘(拾った女)","杉 狂児","如月玲子","宇留木 浩(日活)",,,,,"日活アクターズバンド",,,,"記載なし",,"記載なし",,,"タイヘイ","特3901-B",,1933,"大日活『恋と拳闘』プロローグ　
特盤",,,
"08","新小唄","舞鶴みなと音頭","虎龍","合唱付",,,,,,"タイヘイ和洋楽団",,,,"舞鶴商工会(選)",,"杵屋勝郎輔",,"阪東政一","タイヘイ","M1216-A",,"不詳","舞鶴商工会推薦",,,
"08","新小唄","舞鶴みなと音頭","虎龍","阿部久寿男","合唱付",,,,,"タイヘイ和洋楽団",,,,"舞鶴商工会(選)",,"杵屋勝郎輔",,"阪東政一","タイヘイ","M1216-B",,"不詳","舞鶴商工会推薦",,,
"01","流行歌","輝く東京","大山利夫",,,,,,,"タイヘイ管弦楽団",,,,"塚本篤夫",,"宍田文雄",,"宍田文雄","タイヘイ","4070-A",,1933,"トロット
大山利夫は楠木繁夫の別名",,,
"01","流行歌","銀座恋しや","川島信子",,,,,,,"タイヘイ管弦楽団",,,,"畑 喜代司",,"大村能章",,"大村能章","タイヘイ","4070-B",,1933,"トロット",,,
"01","流行歌","思い切なく","水野喜代子",,,,,,,"RHオーケストラバンド",,,,"畑 喜代司",,"タイヘイ文芸部",,"タイヘイ文芸部","タイヘイ","3753-A",,1932,"水野喜代子は渡辺光子の別名",,,
"01","流行歌","雨の酒場","南地 和歌吉",,,,,,,"タイヘイ管弦楽団",,,,"鹿山映二郎",,"近藤十九二",,,"タイヘイ","3753-B",,1932,,,,
"07","軍歌","水師営会見・戦友・煙も見えず","明治大学　南方康三(ハモニカ)　",,,,,,,,,,,"記載なし",,"記載なし",,,"内外",1616,,"不詳","軍歌メドレー",,,
"06","映画主題歌","ルンバのリズム","北村季久江",,,,,,,"日本クリスタル管弦楽団",,,,"服部龍太郎(訳詞)",,"ﾗﾙﾌ･ﾚｲﾝｼﾞｬｰ",,"篠原正雄","クリスタル","2005-A",,1935,"パラマウント映画『ルンバ』主題歌",,,
"06","映画主題歌","今宵はきみに","藤川光男",,,,,,,"日本クリスタル管弦楽団",,,,"服部龍太郎(訳詞)",,"ﾗﾙﾌ･ﾚｲﾝｼﾞｬｰ",,"篠原正雄","クリスタル","2005-A",,1935,"パラマウント映画『ルンバ』主題歌
藤川光男は林 伊佐緒の別名",,,
"08","新小唄","波乗り甚句","虎龍","タイヘイ少女合唱団",,,,,,"タイヘイ和洋楽団",,,,"木下 潤",,"タイヘイ文芸部(編)",,"タイヘイ文芸部(編)","タイヘイ","6073-A",,"不詳",,,,
"08","新小唄","萬歳くづし","虎龍","タイヘイ少女合唱団",,,,,,"タイヘイ管弦楽団",,,,"タイヘイ文芸部(編)",,"タイヘイ文芸部(編)",,"タイヘイ文芸部(編)","タイヘイ","6073-B",,"不詳",,,,
"01","流行歌","街の夜更けて","牧 忠夫",,,,,,,"タイヘイオーケストラ",,,,"松村又一",,"秋山完一",,,"タイヘイ","4246ｰA",,1933,"クイックトロット",,,
"01","流行歌","風にまかせて","かね本幾松",,,,,,,"床栄(三味線)","床勇(三味線)","タイヘイ和洋合奏団",,"若杉雄三郎",,"山口俊夫",,,"タイヘイ","4246ｰB",,1933,,,,
"01","流行小唄","銀座の柳","松平小夜子",,,,,,,"ギター・マンドリン其の他",,,,"飛田八郎",,"近藤十九二",,,"タイヘイ","3373ｰA",,1932,,,,
"01","流行小唄","ハロー東京","横田良一","松平小夜子",,,,,,"ギター・マンドリン其の他",,,,"小国比沙志",,"片岡志行",,,"タイヘイ","3373ｰB",,1932,,,,
"08","新小唄","蓄音器祭の歌「音波は踊る」","幾松","結城 浩","タイヘイ少女合唱団",,,,,"タイヘイ和洋楽団",,,,"瀬戸 純",,"近藤十九二",,,"タイヘイ","4716ｰA",,1934,"大阪蓄音器商組合選定
夕刊新大阪新聞社懸賞募集当選歌
結城 浩は楠木繁夫の別名",,,
"01","流行歌","風の鳥","水野喜代子",,,,,,,"タイヘイセレナーダス",,,,"西岡水朗",,"寅川雪夫",,,"タイヘイ","4716ｰB",,1934,"トロット
水野喜代子は渡辺光子の別名",,,
"01","流行歌","走れ白帆","曽我部邦夫",,,,,,,"タイヘイダンスオーケストラ",,,,"大塚 徹",,"近藤十九二",,,"タイヘイ","4720ｰA",,1934,"6／8トロット",,,
"01","流行歌","蒼い月夜","水野喜代子",,,,,,,"タイヘイダンスオーケストラ",,,,"佐々木緑亭",,"渡辺健二郎",,,"タイヘイ","4720ｰB",,1934,"タンゴ
水野喜代子は渡辺光子の別名",,,
"01","流行小唄","赤いグラスに汲む酒は","横田良一",,,,,,,"タイヘイギターマンドリンバンド",,,,"西岡水朗",,"片岡志行",,,"タイヘイ","3270ｰA",,1932,,,,
"01","流行小唄","言うに言われぬ胸の内","水波澄子",,,,,,,"タイヘイギターマンドリンバンド",,,,"西岡水朗",,"片岡志行",,,"タイヘイ","3270ｰB",,1932,,,,
"01","流行歌","君を偲びて","長谷川 顕","漣 菊子",,,,,,"タイヘイセレナーダス",,,,"岡田千枝",,"北木正義",,"北木正義","タイヘイ","15264ｰA",,1936,,,,
"01","流行歌","泣き笑い","漣 菊子",,,,,,,"タイヘイセレナーダス",,,,"水野昌子",,"近藤十九二",,"北木正義","タイヘイ","15264ｰB",,1936,,,,
"01","流行歌","恋の裏町","幾松",,,,,,,"タイヘイセレナーダス",,,,"木下 潤",,"北木正義",,,"タイヘイ","14974ｰA",,1935,,,,
"01","流行歌","君と乾杯","久野和夫",,,,,,,"タイヘイダンスオーケストラ",,,,"野村俊夫",,"大村能章",,,"タイヘイ","14974ｰB",,1935,"トロット",,,
"01","流行歌","いいじゃありませんか","〆丸","秋月光洋",,,,,,"タイヘイ和洋楽団",,,,"西岡水朗",,"山田春夫",,,"タイヘイ","14970-A",,1935,,,,
"01","流行歌","好きどっせ","幾松",,,,,,,"タイヘイセレナーダス",,,,"吉井 勇",,"近藤十九二",,,"タイヘイ","14970-B",,1935,,,,
"01","流行歌","さんさ時雨","東京幾松",,,,,,,"タイヘイセレナーダス",,,,"鹿山映二郎",,"室町欣哉",,,"タイヘイ","4382-B",,1933,,,,
"10","松竹家庭劇","戦える母","渋谷天外","曾我廼家十福","加藤楽童","曾我廼家十吾","浪花千栄子・囃子連中","木村光子・囃子連中","石河 薫・囃子連中",,,,,"茂林寺文福
舘 直志",,,,,"タイヘイ","G-40074",18197,"不詳","舘 直志は二代目渋谷天外のペンネーム",,,
"10","松竹家庭劇","戦える母(二)","渋谷天外","曾我廼家十福","加藤楽童","曾我廼家十吾","浪花千栄子・囃子連中","木村光子・囃子連中","石河 薫・囃子連中",,,,,"茂林寺文福
舘 直志",,,,,"タイヘイ","G-40074",18198,"不詳","舘 直志は二代目渋谷天外のペンネーム",,,
"10","松竹家庭劇","戦える母(六)","渋谷天外","曾我廼家十福","加藤楽童","曾我廼家十吾","浪花千栄子・囃子連中","木村光子・囃子連中","石河 薫・囃子連中",,,,,"茂林寺文福
舘 直志",,,,,"タイヘイ","G-40076",18202,"不詳","舘 直志は二代目渋谷天外のペンネーム",,,
"01","舞踏流行歌","さくら囃子","東京幾松","結城 浩","タイヘイ少女合唱団",,,,,"タイヘイ和洋管弦楽団",,,,"塚本篤夫",,"タイヘイ文芸部(編)",,"タイヘイ文芸部(編)","タイヘイ","4500-A",,1934,"結城 浩は楠木繁夫の別名",,,
"01","舞踏流行歌","花見音頭","東京幾松","結城 浩","タイヘイ少女合唱団",,,,,"タイヘイ和洋管弦楽団",,,,"木下 潤",,"大村能章",,,"タイヘイ","4500-B",,1934,"結城 浩は楠木繁夫の別名",,,
"01","流行歌","月下の乾杯","結城 浩",,,,,,,"タイヘイオーケストラ",,,,"木下 潤",,"北木正義",,,"タイヘイ","4590-A",,1934,"トロット　謝恩特盤
結城 浩は楠木繁夫の別名",,,
"01","流行歌","一夜の夢","幾松",,,,,,,,,,,"小沼 宏",,"近藤十九二",,,"タイヘイ","4590-B",,1934,,,,
"10","讃歌","皇太子殿下御生誕の歌","結城 浩",,,,,,,"タイヘイオーケストラ",,,,"木下 潤",,"宍田文雄",,,"タイヘイ","4410-A",,1934,"奉祝記念特盤
結城 浩は楠木繁夫の別名",,,
"08","俚謡","鹿児島小原節","東京幾松","タイヘイ少女合唱団",,,,,,"タイヘイ和洋管弦楽団",,,,,,,,,"タイヘイ","4503-A",,1934,,,,
"08","俚謡","瀬戸の船唄","南地おせん(唄)　","春次(三味線)","文子(三味線)",,,,,"タイヘイ管弦楽団",,,,,,,,,"タイヘイ","4503-B",,1934,,,,
"10","青年歌","月下の陣","吉田一男",,,,,,,"記載なし",,,,"生野悦一",,"北木正義",,,"タイヘイ","15116-A",,1935,,,,
"10","青年歌","わが勇士","吉田一男",,,,,,,"記載なし",,,,"福井次郎",,"記載なし",,,"タイヘイ","15116-B",,1935,,,,
"08","舞踏新小唄","お城祭の唄","新中検 政代","タイヘイ少女合唱団",,,,,,"タイヘイ和洋楽団",,,,"大塚 徹",,"佐藤たかし",,,"タイヘイ","4553-A",,1934,,,,
"08","舞踏新小唄","播磨音頭","南地おせん","塩原秩峰","タイヘイ少女合唱団",,,,,"タイヘイ和洋楽団",,,,"大塚 徹",,"タイヘイ文芸部",,,"タイヘイ","4553-B",,1934,,,,
"08","新小唄","想い出の峠","東京幾松",,,,,,,"タイヘイ管弦楽団",,,,"大沼 萍",,"近藤十九二",,,"タイヘイ","4454-A",,1934,,,,
"01","流行歌","偲ぶ夕月","結城 浩",,,,,,,,,,,"木下 潤",,"服部良一",,,"タイヘイ","4454-B",,1934,"結城 浩は楠木繁夫の別名",,,
"01","流行歌","走れ白帆","曽我部邦夫",,,,,,,"タイヘイダンスオーケストラ",,,,"大塚 徹",,"近藤十九二",,,"タイヘイ","S105ｰA",,1935,"6／8トロット
4720ｰAの謝恩宣伝盤",,,
"01","流行歌","蒼い月夜","水野喜代子",,,,,,,"タイヘイダンスオーケストラ",,,,"佐々木緑亭",,"渡辺健二郎",,,"タイヘイ","S105ｰB",,1935,"タンゴ　4720-Bの謝恩宣伝盤
水野喜代子は渡辺光子の別名",,,
"01","流行歌","君よさらば","小川文夫",,,,,,,,,,,"田中美春",,"宍田文雄",,,"タイヘイ","特3900-A",,1933,"特盤",,,
"01","流行歌","二日月夜","水野喜代子",,,,,,,"タイヘイセレナーダス",,,,"沢井 光",,"近藤誠二郞",,"近藤誠二郞","タイヘイ","特3900-B",,1933,"特盤
水野喜代子は渡辺光子の別名",,,
"01","流行歌","おけさ夜情","井田照夫",,,,,,,"タイヘイ管弦楽団",,,,"中島忠政",,"草笛道夫",,"北小路 浩","タイヘイ","R1004",17410,1939,,,,
"01","流行歌","五月雨だより","喜代丸",,,,,,,,,,,"戸張もりを",,"飯田三郎",,"飯田三郎","タイヘイ","R1004",17391,1939,,,,
"01","歌謡曲","硫黄島哀歌","藤島桓夫",,,,,,,"タイヘイオーケストラ",,,,"藤田まさと",,"飯田景応",,"飯田景応","タイヘイ","Ⓗ10228","27-441",1952,,,,
"01","歌謡曲","孤島に祈る","エト邦枝",,,,,,,"タイヘイオーケストラ",,,,"藤田まさと",,"下村信夫",,"下村信夫","タイヘイ","Ⓗ10228","27-445",1952,,,,
"04","ハワイアン
ミュージック","ハノハノハナレイ","フランク須田",,,,,,,"タイヘイオーケストラ",,,,"村上和徳(訳)",,"ハワイアン",,"村上和徳","タイヘイ","S5001",15260,1950,,,,
"04","ハワイアン
ミュージック","アレコキ","ミッキー松山",,,,,,,"タイヘイオーケストラ",,,,"村上和徳(訳)",,"ハワイアン",,"村上和徳","タイヘイ","S5001",15262,1950,"ミッキー松山＝松山映子",,,
"01","流行歌","橇は行く","谷 不二男",,,,,,,"ウエスターン管弦楽団",,,,"西岡水朗",,"飯田景応",,"内田健一","タイヘイ","21084-A",,1936,"世界最高級ウエスターン吹込",,,
"01","流行歌","辷ろよスキー","鮫島敏弘",,,,,,,"ウエスターン管弦楽団",,,,"松村又一",,"片岡志行",,"片岡志行","タイヘイ","21084-B",,1936,"世界最高級ウエスターン吹込
鮫島敏弘は近江俊郎の別名",,,
"10","記載なし","神戸観光行進曲","瀬川 伸",,,,,,,"タイヘイオーケストラ",,,,"野原 正",,"服部良一",,"服部良一","タイヘイ","M381","x-681","不詳","神戸料飲観光祭協会懸賞当選歌",,,
"10","記載なし","神戸観光音頭","浅草紅香(唄)","市川猿之助(振付)",,,,,,"タイヘイオーケストラ",,,,"鈴木道彦",,"大村能章",,"大村能章","タイヘイ","M381","x-682","不詳","神戸料飲観光祭協会懸賞当選歌",,,
"10","記載なし","西宮音頭","藤島桓夫","豆千代",,,,,,"日本マーキュリーオーケストラ",,,,"藤田まさと",,"飯田景応",,"飯田景応","マーキュリー","H15012","28-763",1953,"西宮まつり協会選定",,,
"10","記載なし","西宮小唄","〆香(唄)","豊吉(三味線)",,,,,,"日本マーキュリーオーケストラ",,,,"藤田まさと",,"大村能章",,"大村能章","マーキュリー","H15012","28-764",1953,"西宮まつり協会選定",,,
"01","歌謡曲","バテレン哀歌","東海林太郎",,,,,,,"日本マーキュリーオーケストラ",,,,"唐崎まさはる",,"飯田景応",,"飯田景応","マーキュリー","H15013","28－768",1953,,,,
"01","歌謡曲","サイゴンの花馬車","藤島桓夫",,,,,,,"日本マーキュリーオーケストラ",,,,"松坂直美",,"岩本秀雄",,"岩本秀雄","マーキュリー","H15013","28－784",1953,,,,
"01","歌謡曲","青春パソドブル","岡 晴夫",,,,,,,"日本マーキュリーオーケストラ",,,,"室山多香史",,"上島浩二",,"上島浩二","マーキュリー","H15134","29-966",1955,,,,
"01","歌謡曲","初恋悲歌","野村雪子",,,,,,,"日本マーキュリーオーケストラ",,,,"豊田一雄",,"豊田一雄",,"島田逸平","マーキュリー","H15134","29-1044",1955,,,,
"10","記載なし","神戸奥摩耶音頭","藤島桓夫","日本マーキュリー合唱団",,,,,,"日本マーキュリーオーケストラ",,,,"松平芳樹",,"西脇稔和",,"西脇稔和","マーキュリー","M1410","X2933","不詳",,,,
"10","記載なし","神戸奥摩耶小唄","野村雪子",,,,,,,"日本マーキュリーオーケストラ",,,,"松平芳樹",,"岩本秀雄",,"岩本秀雄","マーキュリー","M1410","X2934","不詳",,,,
"01","歌謡曲","若い船頭だよ","藤島桓夫",,,,,,,"日本マーキュリーオーケストラ",,,,"松村又一",,"飯田景応",,"飯田景応","マーキュリー","H15222","31-1281",1956,,,,
"01","歌謡曲","十九の浮草","松山恵子",,,,,,,"日本マーキュリーオーケストラ",,,,"牧 喜代司",,"袴田宗孝",,"袴田宗孝","マーキュリー","H15222","31-1279",1956,,,,
"01","流行歌","私がお嫁に行ったなら","丸山和歌子",,,,,,,"ウエスターン管弦楽団",,,,"菊田一夫",,"篠原正雄",,"篠原正雄","タイヘイ","21015-A",,1936,"世界最高級ウエスターン吹込",,,
"01","流行歌","新婚時代","奥田英子",,,,,,,"ウエスターン管弦楽団",,,,"西岡水朗",,"長津 弥",,"長津 弥","タイヘイ","21015-B",,1936,"世界最高級ウエスターン吹込",,,
"01","時局流行歌","ああ戦友","井田照夫・なら丸",,,,,,,"ウエスターン管弦楽団",,,,"松村又一",,"草笛道夫",,"万沢 恒","タイヘイ","21289-A",,1937,"世界最高級ウエスターン吹込",,,
"01","時局流行歌","無言の勇者","竹内龍夫",,,,,,,"ウエスターン管弦楽団",,,,"松田翠涛",,"杉田良造",,"杉田良造","タイヘイ","21289-B",,1937,"世界最高級ウエスターン吹込",,,
"01","流行歌","北満夜曲","虎龍",,,,,,,"判読できず",,,,"判読できず",,"判読できず",,,"タイヘイ","21070-A",,1936,"世界最高級ウエスターン吹込",,,
"01","流行歌","別れの軍歌","三島一声","夢香",,,,,,"判読できず",,,,"判読できず",,"判読できず",,,"タイヘイ","21070-B",,1936,"世界最高級ウエスターン吹込",,,
"01","流行歌","緋鹿子ざんげ","新橋喜代丸",,,,,,,"ウエスターン管弦楽団",,,,"長浜五樹",,"菅原寛明",,"志木田 健","タイヘイ","21220-A",,1937,"世界最高級ウエスターン吹込",,,
"01","流行歌","嫌なの！好きなの！","丸山和歌子","夢香",,,,,,"ウエスターン管弦楽団",,,,"飛鳥井芳朗",,"山下五郎",,"深海善次","タイヘイ","21220-B",,1937,"世界最高級ウエスターン吹込",,,
"01","流行歌","貴方来るまで","水島早苗",,,,,,,"ウエスターン管弦楽団",,,,"小堀秀雄",,"松山 伸",,"工藤 進","タイヘイ","21182-A",,1937,"ネエ小唄コンクール一等当選歌
新専属第一回作品21253ｰAと同曲？",,,
"01","流行歌","東京の屋根の下","シキ皓一","水島早苗",,,,,,"ウエスターン管弦楽団",,,,"山岸曙光",,"種子島 弘",,"武増利二","タイヘイ","21182-B",,1937,"世界最高級ウエスターン吹込",,,
"01","流行歌","恋の馬子唄","三島一声","夢香",,,,,,"ウエスターン管弦楽団",,,,"野村俊夫",,"片岡志行",,"片岡志行","タイヘイ","21068-A",,1936,"世界最高級ウエスターン吹込",,,
"01","流行歌","天龍しぶき","竹内龍夫",,,,,,,"ウエスターン管弦楽団",,,,"松坂直美",,"呉 泰次郎",,"呉 泰次郎","タイヘイ","21068-B",,1936,"世界最高級ウエスターン吹込",,,
"01","流行歌","南洋の娘","奈良丸",,,,,,,"ウエスターン管弦楽団",,,,"西岡水朗",,"杉田良造",,"杉田良造","タイヘイ","21252-A",,1937,"世界最高級ウエスターン吹込",,,
"01","流行歌","ナイナイ節","シキ皓一",,,,,,,"ウエスターン管弦楽団",,,,"宮本吉次",,"鳴瀬純平",,"中村正一郎","タイヘイ","21252-B",,1937,"世界最高級ウエスターン吹込",,,
"06","映画主題歌","恋愛無敵艦隊","竹内龍夫","新橋喜代丸",,,,,,"ウエスターン管弦楽団",,,,"西岡水朗",,"片岡志行",,"片岡志行","タイヘイ","21125-A",,1937,"松竹キネマ大船『恋愛無敵艦隊』
主題歌",,,
"06","映画主題歌","可愛がられて","新橋喜代丸",,,,,,,"ウエスターン管弦楽団",,,,"松山金太郎",,"飯田三郎",,"飯田三郎","タイヘイ","21125-B",,1937,"松竹キネマ大船『恋愛無敵艦隊』
主題歌",,,
"01","流行歌","利根の船頭唄","井田照夫",,,,,,,"ウエスターン管弦楽団",,,,"松村又一",,"草笛道夫",,"万沢 恒","タイヘイ","21222-A",,1937,"世界最高級ウエスターン吹込",,,
"01","流行歌","小木(おぎ)の港","夢香",,,,,,,"モアナセレナーダス","ウエスターン管弦楽団",,,"最上 洋",,"倉若晴生",,"モアナセレナーダス","タイヘイ","21222-B",,1937,"世界最高級ウエスターン吹込",,,
"01","時局流行歌","爆撃行進","内本 実","ウエスターンコーラス",,,,,,"ウエスターン管弦楽団",,,,"村上太郎",,"平林静男",,"平林静男","タイヘイ","21313-A",,1937,"世界最高級ウエスターン吹込",,,
"01","時局流行歌","爆弾二勇士の歌","内本 実","ウエスターンコーラス",,,,,,"ウエスターン管弦楽団",,,,"松内由紀雄",,"山下五郎",,"池譲","タイヘイ","21313-B",,1937,"世界最高級ウエスターン吹込",,,
"06","映画主題歌","つばくろの唄","新橋喜代丸",,,,,,,"ウエスターン管弦楽団",,,,"松山金太郎",,"堀内敬三",,"堀内敬三","タイヘイ","21075-A",,1936,"週刊朝日所載『つばくろの唄』映画化
松竹大船「女のいのち」主題歌",,,
"06","映画主題歌","女のいのち","柳原歌子",,,,,,,"ウエスターン管弦楽団",,,,"本庄三平",,"片岡志行",,"片岡志行","タイヘイ","21075-B",,1936,"週刊朝日所載『つばくろの唄』映画化
松竹大船「女のいのち」主題歌",,,
"06","映画主題歌","寂光愛","新橋喜代丸",,,,,,,"ウエスターン管弦楽団",,,,"赤城次朗",,"中田君夫",,"中田君夫","タイヘイ","21024-A",,1936,"新興キネマ大泉超特作「寂光愛」
主題歌",,,
"06","映画主題歌","愛の暴風","橋本一郎","奥田英子",,,,,,"ウエスターン管弦楽団",,,,"赤城次朗",,"片岡志行",,"片岡志行","タイヘイ","21024-B",,1936,"新興キネマ大泉超特作「寂光愛」
主題歌",,,
"06","映画主題歌","朱美(あけみ)のために","井崎嘉代子",,,,,,,"ウエスターン管弦楽団",,,,"五所平之助",,"堀内敬三",,"池譲","タイヘイ","21091-A",,1936,"松竹大船菊池寛原作「新道」主題歌",,,
"06","映画主題歌","愛の青空","谷 不二男",,,,,,,"ウエスターン管弦楽団",,,,"佐藤惣之助",,"飯田三郎",,"池譲","タイヘイ","21091-B",,1936,"松竹大船菊池寛原作「新道」主題歌",,,
"01","流行歌","女の純情","丸山和歌子",,,,,,,"ウエスターン管弦楽団",,,,"瀬田しのぶ",,"山下五郎",,"宮脇春夫","タイヘイ","21097-A",,1936,"世界最高級ウエスターン吹込",,,
"01","流行歌","酒場天国","奥田英子",,,,,,,"ウエスターン管弦楽団",,,,"島田芳文",,"山下五郎",,"山下五郎","タイヘイ","21097ｰB",,1936,"世界最高級ウエスターン吹込",,,
"01","流行歌","泣かされました","井田照夫","なら丸",,,,,,"ウエスターン管弦楽団",,,,"松村又一",,"草笛道夫",,"万沢 恒","タイヘイ","21271-A",,1937,"世界最高級ウエスターン吹込",,,
"01","流行歌","浮草ぐらし","井田照夫",,,,,,,"ウエスターン管弦楽団",,,,"野村俊夫",,"山下五郎",,"深海善次","タイヘイ","21271-B",,1937,"世界最高級ウエスターン吹込",,,
"06","映画主題歌","逢わずの四郎蔵","橋本一郎",,,,,,,"タイヘイ和洋楽団",,,,"小林美津三",,"片岡志行",,"片岡志行","タイヘイ","21006-A",,1936,"新興キネマ京都太秦時代劇部特作品
「逢わずの四郎蔵」主題歌",,,
"06","映画主題歌","やくざ道中","新橋喜代丸",,,,,,,"タイヘイ和洋楽団",,,,"小林美津三",,"北木正義",,"北木正義","タイヘイ","21006-B",,1936,"新興キネマ京都太秦時代劇部特作品
「逢わずの四郎蔵」主題歌",,,
"01","愛国流行歌","南京陥落","高千穂武夫","ウエスターンコーラス",,,,,,"ウエスターン管弦楽団",,,,"村上清二郎",,"平林静男",,"平林静男","タイヘイ","21357-A",,1937,"世界最高級ウエスターン吹込",,,
"01","愛国流行歌","皇軍入場","内本 実","ウエスターンコーラス",,,,,,"ウエスターン管弦楽団",,,,"大沼 萍",,"飯田三郎",,"草笛道夫","タイヘイ","21357-B",,1937,"世界最高級ウエスターン吹込",,,
"01","時局流行歌","皇軍躍進","内本 実","ウエスターンコーラス",,,,,,"ウエスターン管弦楽団",,,,"村上清二郎",,"平林静男",,"平林静男","タイヘイ","21302-A",,1937,"世界最高級ウエスターン吹込",,,
"01","時局流行歌","日の丸進発","井田照夫","なら丸","ウエスターンコーラス",,,,,"ウエスターン管弦楽団",,,,"松村又一",,"草笛道夫",,"万沢 恒","タイヘイ","21302-B",,1937,"世界最高級ウエスターン吹込",,,
"01","流行歌","お国訛ぶし(上)","喜代丸","シキ皓一",,,,,,"ウエスターン管弦楽団",,,,"宮本旅人",,"宮脇春夫",,"志木田 健","タイヘイ","21254-A",,1937,"世界最高級ウエスターン吹込",,,
"01","流行歌","お国訛ぶし(下)","竹内龍夫","夢香",,,,,,"ウエスターン管弦楽団",,,,"宮本旅人",,"宮脇春夫",,"志木田 健","タイヘイ","21254-B",,1937,"世界最高級ウエスターン吹込",,,
"01","流行歌","東京よさこい","三島一声","東京小花",,,,,,"ウエスターン管弦楽団",,,,"松村又一",,"草笛道夫",,"筑波一夫","タイヘイ","21048-A",,1936,"世界最高級ウエスターン吹込",,,
"01","流行歌","チヨントキナ","新橋喜代丸","竹内龍夫",,,,,,"ウエスターン管弦楽団",,,,"島田芳文",,"大矢吉輝",,"片岡志行","タイヘイ","21048-B",,1936,"世界最高級ウエスターン吹込",,,
"01","流行歌","泣かせてネ","新橋みどり",,,,,,,"タイヘイ管弦楽団",,,,"飛鳥井芳朗",,"水谷ひろし",,"水谷ひろし","タイヘイ","21001-A",,1936,"世界最高級ウエスターン吹込
タンゴ　特黒盤",,,
"01","流行歌","浜辺三里","奥田英子",,,,,,,"タイヘイ管弦楽団",,,,"松村又一",,"山下五郎",,"山下五郎","タイヘイ","21001-B",,1936,"世界最高級ウエスターン吹込
トロット　特黒盤",,,
"01","流行歌","桜まつり","三島一声","夢香","タイヘイコーラス",,,,,"ウエスターン管弦楽団",,,,"鹿山鶯邨",,"大村能章",,"大村能章","タイヘイ","21176-A",,1937,"世界最高級ウエスターン吹込",,,
"01","流行歌","振袖ざくら","シキ皓一","新橋喜代丸","タイヘイコーラス",,,,,"ウエスターン管弦楽団",,,,"島田磬也",,"宮脇春夫",,"志木田 健","タイヘイ","21176-B",,1937,"世界最高級ウエスターン吹込",,,
"01","流行歌","丹下左膳の唄","林 伊佐緒","奥田英子","タイヘイ合唱団",,,,,"タイヘイ管弦楽団",,,,"伊藤松雄",,"大村能章",,"大村能章","タイヘイ","21003-A",,1936,"世界最高級ウエスターン吹込
特黒盤",,,
"01","流行歌","さむらい仁義","橋本一郎",,,,,,,"タイヘイ管弦楽団",,,,"角田重勝",,"額田かもめ",,"額田かもめ","タイヘイ","21003-B",,1936,"世界最高級ウエスターン吹込
特黒盤",,,
"01","流行歌","船頭なりゃこそ","一條 弘",,,,,,,"ウエスターン管弦楽団",,,,"鹿山鶯邨",,"飯田三郎",,"飯田三郎","タイヘイ","21343-A",,1937,"世界最高級ウエスターン吹込
一條 弘は橋本一郎の別名",,,
"01","流行歌","股旅子守唄","一條 弘",,,,,,,"ウエスターン管弦楽団",,,,"最上 洋",,"倉若晴生",,"平春夫","タイヘイ","21343-B",,1937,"世界最高級ウエスターン吹込
一條 弘は橋本一郎の別名",,,
"10","青年歌","ああ吉岡先生","吉田一男",,,,,,,"タイヘイサロンオーケストラ",,,,"瀬戸 純",,"タイヘイ文芸部(編)",,"タイヘイ文芸部(編)","タイヘイ","4866-A",,1934,,,,
"10","青年歌","復興節","吉田一男",,,,,,,"タイヘイサロンオーケストラ",,,,"瀬戸 純",,"タイヘイ文芸部(編)",,"タイヘイ文芸部(編)","タイヘイ","4866-B",,1934,,,,
"01","流行歌","美(うるわ)しの瞳","水田 潔",,,,,,,"タイヘイオーケストラ",,,,"小沼 宏",,"寅川雪夫",,,"タイヘイ","4303-A",,1933,,,,
"01","流行歌","恋は青空","水野喜代子",,,,,,,"タイヘイセレナーダス",,,,"鹿山映二郎",,"室町欣哉",,,"タイヘイ","4303-B",,1933,"水野喜代子は渡辺光子の別名",,,
"01","流行小唄","恋の大坂城","二村定一",,,,,,,"タイヘイオーケストラ",,,,"村田吉邦",,"片岡志行",,,"タイヘイ","3145-A",,1931,,,,
"08","新小唄","天守閣小唄","南地和歌吉(唄)","南地登美葉(三味線)",,,,,,"ピアノ・シロホン・フリュート・セロ",,,,"村田吉邦",,"近藤十九二",,,"タイヘイ","3145-B",,1931,,,,
"01","流行歌","嘆きの渡り鳥","小川文夫",,,,,,,"タイヘイオーケストラバンド",,,,"塚本篤夫",,"服部良一",,"服部良一","タイヘイ","3800-A",,1933,,,,
"01","流行歌","過ぎにし夢","水野喜代子",,,,,,,"RHオーケストラバンド",,,,"塚本篤夫",,"服部良一",,"服部良一","タイヘイ","3800-B",,1933,"水野喜代子は渡辺光子の別名",,,
"01","流行歌","若きマドロスの唄","曽我部邦夫",,,,,,,"タイヘイダンスオーケストラ",,,,"木下 潤",,"松永和夫",,,"タイヘイ","4782-A",,1934,"トロット",,,
"01","流行歌","旅のなげき","水野喜代子",,,,,,,"タイヘイセレナーダス",,,,"石松秋二",,"瀬川 宏",,,"タイヘイ","4782-B",,1934,"ワルツ
水野喜代子は渡辺光子の別名",,,
"01","流行歌","カンカン帽子","大山利夫",,,,,,,"タイヘイ管弦楽団",,,,"今西敏政",,"宍田文雄",,"宍田文雄","タイヘイ","4000-A",,1933,"フォックストロット　謝恩特盤
大山利夫は楠木繁夫の別名",,,
"08","新小唄","浪まくら","若葉",,,,,,,"タイヘイ室内楽団",,,,"田井美春",,"大村能章",,"大村能章","タイヘイ","4000-B",,1933,"フォックストロット　謝恩特盤",,,
"01","愛国流行歌","塹壕夜曲","一條 弘",,,,,,,"ウエスターン管弦楽団",,,,"西岡水朗",,"飯田三郎",,"飯田三郎","タイヘイ","21334-A",,1937,"世界最高級ウエスターン吹込
一條 弘は橋本一郎の別名",,,
"01","愛国流行歌","征途の祈り","南はるみ",,,,,,,"ウエスターン管弦楽団",,,,"飛鳥井芳朗",,"倉若晴生",,"万沢 恒","タイヘイ","21334-B",,1937,"世界最高級ウエスターン吹込
報国盤",,,
"01","流行歌","恋無情","一條 弘",,,,,,,"ウエスターン管弦楽団",,,,"松坂直美",,"山下五郎",,"志木田 健","タイヘイ","21264-A",,1937,"世界最高級ウエスターン吹込
一條 弘は橋本一郎の別名",,,
"01","流行歌","秘めた恋","葉山かほる",,,,,,,"ウエスターン管弦楽団",,,,"野村俊夫",,"仲 勇吉",,"杉田良造","タイヘイ","21264-B",,1937,"世界最高級ウエスターン吹込",,,
"01","歌謡曲","男ぢゃないか","藤島桓夫",,,,,,,"日本マーキュリーオーケストラ",,,,"唐崎まさはる",,"島田逸平",,"島田逸平","マーキュリー","H15161","30ｰ1110",1955,,,,
"01","歌謡曲","どうせいつかは晴れる空","藤島桓夫",,,,,,,"日本マーキュリーオーケストラ",,,,"秋田泰治",,"島田逸平",,"島田逸平","マーキュリー","H15161","30ｰ1077",1955,,,,
"01","歌謡曲","牧場の娘さん","三條美紀",,,,,,,"日本マーキュリーオーケストラ",,,,"牧 喜代司",,"飯田景応",,"飯田景応","マーキュリー","H15116","29ｰ998",1954,,,,
"01","歌謡曲","三等船員","瀬川 伸",,,,,,,"日本マーキュリーオーケストラ",,,,"間木由利夫",,"間木由利夫",,"杉原泰蔵","マーキュリー","H15116","29ｰ1006",1954,,,,
"01","歌謡曲","泣いて別れようぜ","佐々木 潤",,,,,,,"日本マーキュリーオーケストラ",,,,"秋田泰治",,"西脇稔和",,"西脇稔和","マーキュリー","H15179","30ｰ1142",1956,,,,
"01","歌謡曲","雨のオランダ屋敷","西村正美",,,,,,,"日本マーキュリーオーケストラ",,,,"牧 喜代司",,"水時冨士夫",,"飯田景応","マーキュリー","H15179","29ｰ980",1956,,,,
"06","映画主題歌","筏流しの唄","竹内龍夫","ウエスターンコーラス",,,,,,"記載なし",,,,"佐藤惣之助",,"大村能章",,"大村能章","タイヘイ","21124ｰA",,1937,"新興キネマ超特作映画
「開拓者」主題歌",,,
"06","映画主題歌","山の一夜","夢香",,,,,,,"ウエスターン管弦楽団",,,,"佐藤惣之助",,"大村能章",,"大村能章","タイヘイ","21124ｰB",,1937,"新興キネマ超特作映画
「開拓者」主題歌",,,
"01","流行歌","涙の月夜","北原雪子",,,,,,,"判読できず",,,,"松坂直美",,"鈴木武男",,,"タイヘイ","21230ｰA",,1937,"世界最高級ウエスターン吹込",,,
"01","流行歌","花すみれ","竹内龍夫",,,,,,,"ウエスターン管弦楽団",,,,"久礼まさ美",,"近藤 広",,"横田良造","タイヘイ","21230ｰB",,1937,"世界最高級ウエスターン吹込",,,
"01","流行歌","二人仲よく","松村 清","丸山和歌子",,,,,,"ウエスターン管弦楽団",,,,"赤城次朗",,"大村能章",,"大村能章","タイヘイ","21023ｰA",,1936,"世界最高級ウエスターン吹込",,,
"01","流行歌","あたしのものよ","吉野はるみ",,,,,,,"ウエスターン管弦楽団",,,,"赤城次朗",,"片岡志行",,"片岡志行","タイヘイ","21023ｰB",,1936,"世界最高級ウエスターン吹込",,,
"01","流行歌","浮かれ三味線","新橋喜代丸",,,,,,,"タイヘイ和洋楽団",,,,"伊藤松雄",,"大村能章",,"大村能章","タイヘイ","21004ｰA",,1936,"世界最高級ウエスターン吹込
特黒盤",,,
"01","流行歌","祇園絵草紙","新橋喜代丸",,,,,,,"タイヘイ和洋楽団",,,,"時雨音羽",,"田村しげる",,"田村しげる","タイヘイ","21004ｰB",,1936,"世界最高級ウエスターン吹込
特黒盤",,,
"06","映画主題歌","二筋道の唄","新橋喜代丸",,,,,,,"ウエスターン管弦楽団",,,,"野村俊夫",,"飯田三郎",,"飯田三郎","タイヘイ","21185ｰA",,1937,"新興大泉超大作「二筋道」主題歌",,,
"06","映画主題歌","恋の合図(サイン)","シキ皓一","新橋喜代丸",,,,,,"ウエスターン管弦楽団",,,,"野村俊夫",,"片岡志行",,"工藤 進","タイヘイ","21185ｰB",,1937,"新興大泉超大作「二筋道」主題歌",,,
"01","流行歌","こうしてネああしてネ","水島早苗",,,,,,,"ウエスターン管弦楽団",,,,"木村細雄",,"水原英明",,"井田一郎","タイヘイ","21219ｰA",,1937,"世界最高級ウエスターン吹込
21253ｰBと同曲？",,,
"01","流行歌","僕もゆくから","シキ皓一",,,,,,,"ウエスターン管弦楽団",,,,"土屋博美",,"西口 猛",,"池譲","タイヘイ","21219ｰB",,1937,"世界最高級ウエスターン吹込",,,
"01","流行歌","満洲追分","喜三龍",,,,,,,"ウエスターン管弦楽団",,,,"松村又一",,"大村能章",,"大村能章","タイヘイ","21046ｰA",,1936,"世界最高級ウエスターン吹込",,,
"01","流行歌","泣いてみたとて","竹内龍夫",,,,,,,"ウエスターン管弦楽団",,,,"松坂直美",,"山下五郎",,,"タイヘイ","21046ｰB",,1936,"世界最高級ウエスターン吹込",,,
"01","流行歌","鈴鹿は曇る","三島一声",,,,,,,"ウエスターン管弦楽団",,,,"正岡 容",,"大村能章",,"大村能章","タイヘイ","21045ｰA",,1936,"世界最高級ウエスターン吹込",,,
"01","流行歌","爪弾小唄","新橋喜代丸",,,,,,,"ウエスターン管弦楽団",,,,"宮本旅人",,"片岡志行",,"片岡志行","タイヘイ","21045ｰB",,1936,"世界最高級ウエスターン吹込",,,
"01","愛国流行歌","前線銃後","南はるみ","白川五郎",,,,,,"ウエスターン管弦楽団",,,,"神長瞭月",,"神長瞭月",,"平林静男","タイヘイ","21367ｰA",,1937,"世界最高級ウエスターン吹込",,,
"01","愛国流行歌","俺も男よ","一條 弘",,,,,,,"ウエスターン管弦楽団",,,,"松村又一",,"飯田三郎",,"飯田三郎","タイヘイ","21367ｰB",,1937,"世界最高級ウエスターン吹込
一條 弘は橋本一郎の別名",,,
"01","流行歌","女のまごころ","新橋喜代丸",,,,,,,"ウエスターン管弦楽団",,,,"赤城次朗",,"大村能章",,"志木田 健","タイヘイ","21069ｰA",,1936,"世界最高級ウエスターン吹込",,,
"01","流行歌","浮世うら町","竹内龍夫",,,,,,,"ウエスターン管弦楽団",,,,"野村俊夫",,"大村能章",,"大村能章","タイヘイ","21069ｰB",,1936,"世界最高級ウエスターン吹込",,,
"09","松竹少女歌劇","第十二回春のおどり(桜咲く国)","芦原千津子(タップ)","笠置シズ子","月ヶ瀬咲子","松月さえ子及合唱団","松本四良指揮",,,"松竹管弦楽団",,,,"岸本水府",,"松本四良",,"松本四良","タイヘイ","21178ｰA",,1937,"世界最高級ウエスターン吹込",,,
"09","松竹少女歌劇","第十二回春のおどり(酔いごころ)","谷 不二男","夢香",,,,,,"ウエスターン管弦楽団",,,,"嘉川良夫",,"松本四良",,"志木田 健","タイヘイ","21178ｰB",,1937,"世界最高級ウエスターン吹込",,,
"01","流行歌","男ぢゃないか","三島一声",,,,,,,"ウエスターン管弦楽団",,,,"西岡水朗",,"大村能章",,"大村能章","タイヘイ","21053ｰA",,1936,"世界最高級ウエスターン吹込",,,
"01","流行歌","浮世新内","お鯉",,,,,,,"ウエスターン管弦楽団",,,,"松村又一",,"水谷ひろし",,"山崎裕泰","タイヘイ","21053ｰB",,1936,"世界最高級ウエスターン吹込",,,
"01","時局流行歌","御国の為にどこまでも","南はるみ",,,,,,,"ウエスターン管弦楽団",,,,"松村又一",,"草笛道夫",,"草笛道夫","タイヘイ","21333ｰA",,1937,"世界最高級ウエスターン吹込",,,
"01","時局流行歌","慰問袋","一條 弘・小畑照子",,,,,,,"ウエスターン管弦楽団",,,,"松村又一",,"草笛道夫",,"万沢 恒","タイヘイ","21333ｰB",,1937,"世界最高級ウエスターン吹込
一條 弘は橋本一郎の別名",,,
"01","流行歌","ままになるなら","新橋喜代丸",,,,,,,"ウエスターン管弦楽団",,,,"佐々木緑亭",,"安井清士",,"安井清士","タイヘイ","21161ｰA",,1937,"世界最高級ウエスターン吹込",,,
"01","流行歌","ひとり忍んで","谷 不二男",,,,,,,"ウエスターン管弦楽団",,,,"西岡水朗",,"近藤 広",,"飯田三郎","タイヘイ","21161ｰB",,1937,"世界最高級ウエスターン吹込",,,
"01","流行歌","望郷の唄","竹内龍夫",,,,,,,"ウエスターン管弦楽団",,,,"小沼 宏",,"磯 徳磨",,"宮脇春夫","タイヘイ","21118ｰA",,1937,"世界最高級ウエスターン吹込",,,
"01","流行歌","城山しぐれ","夢香",,,,,,,"ウエスターン管弦楽団",,,,"松本一晴",,"片岡志行",,"片岡志行","タイヘイ","21118ｰB",,1937,"世界最高級ウエスターン吹込",,,
"06","映画主題歌","ほんのわずかな","水島早苗","シキ皓一",,,,,,"ウエスターン管弦楽団",,,,"曽根千晴",,"山下五郎",,"杉田良造","タイヘイ","21287ｰA",,1937,"新興キネマ超大作映画
「女性の勝鬨」主題歌",,,
"06","映画主題歌","女性の勝鬨(かちどき)","一條 弘","葉山かほる",,,,,,"ウエスターン管弦楽団",,,,"淡路浪郎",,"倉若晴生",,"池譲","タイヘイ","21287ｰB",,1937,"新興キネマ超大作映画「女性の勝鬨」主題歌
一條 弘は橋本一郎の別名",,,
"06","映画主題歌","東京おけさ","三島一声","新橋喜代丸","ウエスターンコーラス",,,,,"ウエスターン管弦楽団",,,,"時雨音羽",,"草笛道夫",,"志木田 健","タイヘイ","21200ｰA",,1937,"新興キネマ大泉超特作トーキー
「東京おけさ」主題歌",,,
"06","映画主題歌","花がすみ","紀多 寛","夢香",,,,,,"ウエスターン管弦楽団",,,,"時雨音羽",,"大村能章",,"判読できず","タイヘイ","21200ｰB",,1937,"新興キネマ大泉超特作トーキー
「東京おけさ」主題歌",,,
"04","ジャズソング","テルミー","シキ皓一",,,,,,,"ウエスターンジャズオーケストラ",,,,"松島俊一",,,,"池譲","タイヘイ","21127ｰA",,1937,"世界最高級ウエスターン吹込",,,
"04","ジャズソング","チョング","シキ皓一",,,,,,,"ウエスターンジャズオーケストラ",,,,"服部龍太郎",,,,"池譲","タイヘイ","21127ｰB",,1937,"世界最高級ウエスターン吹込",,,
"01","流行歌","紅だすき","新橋喜代丸",,,,,,,"ウエスターン管弦楽団",,,,"小堀秀雄",,"杉田良造",,"深海善次","タイヘイ","21223ｰA",,1937,"世界最高級ウエスターン吹込",,,
"01","流行歌","新婚第一歩","水島早苗","シキ皓一",,,,,,"ウエスターン管弦楽団",,,,"土屋博美",,"西口 猛",,"中村正一郎","タイヘイ","21223ｰB",,1937,"世界最高級ウエスターン吹込",,,
"06","映画主題歌","花影木影","大友柳太郎","高山広子","合唱付",,,,,"タイヘイ管弦楽団",,,,"木村恵吾",,"佐藤顕雄",,"佐藤顕雄","タイヘイ","R1003",17379,1939,"新興映画主題歌「元禄女大名」",,,
"06","映画主題歌","佐渡おけさ","大友柳太郎","高山広子","合唱付",,,,,"タイヘイ管弦楽団",,,,"木村恵吾",,"佐藤顕雄",,"佐藤顕雄","タイヘイ","R1003",17380,1939,"新興映画主題歌「実説佐渡おけさ」",,,
"01","流行歌","母の見る夢","渡辺光子",,,,,,,"タイヘイ管弦楽団",,,,"関沢潤一郎",,"飯田三郎",,"飯田三郎","タイヘイ","R1015",17412,1939,,,,
"01","流行歌","人生の舟唄","立花ひろし",,,,,,,"タイヘイ管弦楽団",,,,"野村俊夫",,"倉若晴生",,"倉若晴生","タイヘイ","R1015",17488,1939,,,,
"01","流行歌","馬子唄街道","井田照夫",,,,,,,"タイヘイ管弦楽団",,,,"志村ただし",,"下村信夫",,"藤田まさる","タイヘイ","R1007",17404,1939,,,,
"01","流行歌","水郷子守唄","井田照夫",,,,,,,"タイヘイ管弦楽団",,,,"関沢潤一郎",,"下村信夫",,"藤田まさる","タイヘイ","R1007",17406,1939,,,,
"01","流行歌","男の涙","井田照夫",,,,,,,"タイヘイ管弦楽団",,,,"野村俊夫",,"草笛道夫",,"万沢 恒","タイヘイ","R1043",17771,1940,,,,
"01","流行歌","胸の中から","喜代丸",,,,,,,"タイヘイ管弦楽団",,,,"野村俊夫",,"飯田三郎",,"万沢 恒","タイヘイ","R1043",17769,1940,,,,
"01","流行歌","月夜の子守唄","喜代丸",,,,,,,"タイヘイ管弦楽団",,,,"松村又一",,"飯田三郎",,"飯田三郎","タイヘイ","G40045",18059,1940,,,,
"01","流行歌","戦場安来節","井田照夫",,,,,,,"タイヘイ管弦楽団",,,,"松村又一",,"草笛道夫",,"万沢 恒","タイヘイ","G40045","18053－1",1940,,,,
"01","流行歌","夢の船頭唄","井田照夫",,,,,,,"タイヘイ管弦楽団",,,,"松村又一",,"草笛道夫",,"万沢 恒","タイヘイ","G40030",17964,1940,,,,
"01","流行歌","浪曲かぞえ唄","井田照夫",,,,,,,"タイヘイ管弦楽団",,,,"堤 一郎",,"草笛道夫",,"飯田三郎","タイヘイ","G40030",18008,1940,,,,
"07","行進歌","空の勇士","立花ひろし","渡辺光子",,,,,,"タイヘイ管弦楽団",,,,"大槻一郎",,"蔵野今春",,"万沢 恒","タイヘイ","R1031",17689,1939,"陸軍省撰定・読売新聞懸賞当選歌
レコード各社競作",,,
"01","愛国流行歌","暁の決死隊","松山 寛",,,,,,,"タイヘイ管弦楽団",,,,"和田隆夫",,"近藤 広",,"飯田三郎","タイヘイ","R1031",16817,1939,,,,
"01","流行歌","お民の度胸","喜代丸",,,,,,,"タイヘイ管弦楽団",,,,"栗山品雄",,"飯田三郎",,"飯田三郎","タイヘイ","R1052",17765,1940,,,,
"01","流行歌","石松三十石道中","井田照夫",,,,,,,"タイヘイ管弦楽団",,,,"栗山品雄",,"飯田三郎",,"飯田三郎","タイヘイ","R1052",17773,1940,,,,
"07","軍歌","歩兵第三十九連隊連隊歌","立花ひろし","渡辺光子",,,,,,"タイヘイ管弦楽団",,,,"将校団",,"飯田三郎",,"阪東政一","タイヘイ","G40002",17900,1940,"1-55",,,
"07","愛国歌","大日本行進曲","内田栄一","タイヘイ合唱団",,,,,,"タイヘイ管弦楽団",,,,"林 柳波",,"江口夜詩",,"江口夜詩","タイヘイ","G40002","東2748",1940,"1-55",,,
"01","愛国流行歌","麦と花嫁","喜代丸",,,,,,,"タイヘイ管弦楽団",,,,"宮本旅人",,"飯田三郎",,"飯田三郎","タイヘイ","R1002",17373,1939,,,,
"01","愛国流行歌","親子進軍","井田照夫","高橋文夫",,,,,,"タイヘイ管弦楽団",,,,"山本 淳",,"草笛道夫",,"飯田三郎","タイヘイ","R1002",17375,1939,,,,
"01","流行歌","街の風車","佐伯周二",,,,,,,"タイヘイ管弦楽団",,,,"和田隆夫",,"松平 寛",,"坂本 明","タイヘイ","R1021",17601,1939,,,,
"01","流行歌","七色(なないろ)の夢","三原純子",,,,,,,"タイヘイ管弦楽団",,,,"野村俊夫",,"飯田三郎",,"和田 健","タイヘイ","R1021",17598,1939,,,,
"01","流行歌","浪花節と兵隊","井田照夫",,,,,,,"タイヘイ管弦楽団",,,,"堤 一郎",,"草笛道夫",,"飯田三郎","タイヘイ","R1001",17348,1939,,,,
"01","流行歌","軍国桜だより","井田照夫",,,,,,,"タイヘイ管弦楽団",,,,"堤 一郎",,"草笛道夫",,"和田 健","タイヘイ","R1001",17351,1939,,,,
"01","流行歌","小唄草紙","井田照夫",,,,,,,"タイヘイ管弦楽団",,,,"松村又一",,"草笛道夫",,"万沢 恒","タイヘイ","G40003","17870ｰ１",1940,"1-55",,,
"01","流行歌","続浪花節と兵隊","井田照夫",,,,,,,"タイヘイ管弦楽団",,,,"堤 一郎",,"草笛道夫",,"飯田三郎","タイヘイ","G40003","1787５ｰ２",1940,"1-55",,,
"01","流行歌","旅は道づれ","井田照夫",,,,,,,"タイヘイ管弦楽団",,,,"宇野美樹",,"草笛道夫",,"飯田三郎","タイヘイ","G40016",17938,1940,"1-55",,,
"01","流行歌","浪曲草紙","井田照夫",,,,,,,"タイヘイ管弦楽団",,,,"松村又一",,"草笛道夫",,"飯田三郎","タイヘイ","G40016","17939ｰ2",1940,"1-55",,,
"01","流行歌","霧のデッキ","有島通男",,,,,,,"タイヘイ管弦楽団",,,,"宇野美樹",,"湊 晴二",,"北小路 浩","タイヘイ","G40031",17965,1940,"1-55",,,
"01","流行歌","夢の支那街","高松三枝子",,,,,,,"タイヘイ管弦楽団",,,,"松村又一",,"丸茂圭太",,"立花かほる","タイヘイ","G40031",17905,1940,"1-55",,,
"01","流行歌","利根川夜情","井田照夫",,,,,,,"タイヘイ管弦楽団",,,,"西岡水朗",,"近藤 広",,"飯田三郎","タイヘイ","R1032",17690,1940,,,,
"01","流行歌","船頭子守唄","松山 寛",,,,,,,"タイヘイ管弦楽団",,,,"鹿山鶯邨",,"飯田三郎",,"飯田三郎","タイヘイ","R1032","5832ｰ1",1940,,,,
"01","流行歌","都々逸と兵隊","井田照夫",,,,,,,"タイヘイ管弦楽団",,,,"中島ひでを",,"飯田三郎",,"飯田三郎","タイヘイ","R1016",17602,1939,"宣伝盤　宣伝用のカップリングか？",,,
"01","流行歌","玄海夜曲","佐伯周二",,,,,,,"タイヘイ管弦楽団",,,,"佐伯 龍",,"松平 寛",,"飯田三郎","タイヘイ","R1020",17600,1939,"宣伝盤　宣伝用のカップリングか？",,,
"06","映画主題歌","嵐に花は散らず(浚渫船ぶし)","立花ひろし",,,,,,,"タイヘイ管弦楽団",,,,"小石栄一",,"齊藤一郎",,"齊藤一郎","タイヘイ","G40044",18092,1940,"新興映画主題歌　1-55",,,
"06","映画主題歌","嵐に花は散らず(八重子の唄)","三原純子",,,,,,,"タイヘイ管弦楽団",,,,"松坂直美",,"齊藤一郎",,"飯田三郎","タイヘイ","G40044",18091,1940,"新興映画主題歌　1-55",,,
"01","流行歌","都々逸と兵隊","井田照夫",,,,,,,"タイヘイ管弦楽団",,,,"中島ひでを",,"飯田三郎",,"飯田三郎","タイヘイ","R1016",17602,1939,"正規盤",,,
"01","流行歌","ゴビの沙漠","喜代丸",,,,,,,"タイヘイ管弦楽団",,,,"野村俊夫",,"飯田三郎",,"和田 健","タイヘイ","R1016",17591,1939,"正規盤",,,
"01","流行歌","度胸ぶし","井田照夫",,,,,,,"タイヘイ管弦楽団",,,,"松村又一",,"草笛道夫",,"東 八郎","タイヘイ","R1037",17753,1939,,,,
"01","流行歌","真実ぶし(紺屋髙尾)","井田照夫",,,,,,,"タイヘイ管弦楽団",,,,"松村又一",,"草笛道夫",,"飯田三郎","タイヘイ","R1037",17752,1939,,,,
"01","流行歌","浪曲だより","井田照夫",,,,,,,"タイヘイ管弦楽団",,,,"堤 一郎",,"草笛道夫",,"飯田三郎","タイヘイ","R1013",17528,1939,,,,
"01","流行歌","幼なじみ","喜代丸",,,,,,,"タイヘイ管弦楽団",,,,"野村俊夫",,"飯田三郎",,"和田 健","タイヘイ","R1013",17525,1939,,,,
"01","流行歌","帰ろう帰ろう漢口へ","高橋文夫","三原純子",,,,,,"タイヘイ管弦楽団",,,,"宮本旅人",,"木村武彦",,"木村武彦","タイヘイ","R1005",17409,1939,,,,
"01","流行歌","広東娘","伏見信子",,,,,,,"タイヘイ管弦楽団",,,,"久保井信夫",,"阪東政一",,"阪東政一","タイヘイ","R1005",17370,1939,,,,
"01","時局流行歌","晴れの門出","紀多 寛","なら丸",,,,,,"ウエスターン管弦楽団",,,,"松村又一",,"山下五郎",,"草笛道夫","タイヘイ","21321ｰA",,1937,"世界最高級ウエスターン吹込",,,
"01","時局流行歌","若しも男に生れたら","なら丸",,,,,,,"ウエスターン管弦楽団",,,,"松村又一",,"草笛道夫",,"万沢 恒","タイヘイ","21321ｰB",,1937,"世界最高級ウエスターン吹込",,,
"01","流行歌","男の涙","紀多 寛",,,,,,,"ウエスターン管弦楽団",,,,"西岡水朗",,"片岡志行",,"片岡志行","タイヘイ","21096ｰA",,1936,"世界最高級ウエスターン吹込",,,
"01","流行歌","街のオワシス","紀多 寛",,,,,,,"ウエスターン管弦楽団",,,,"西岡水朗",,"片岡志行",,"片岡志行","タイヘイ","21096ｰB",,1936,"世界最高級ウエスターン吹込
オワシスはオアシスのことか？",,,
"01","流行歌","初春音頭","三島一声","お鯉",,,,,,"ウエスターン管弦楽団",,,,"西岡水朗",,"片岡志行",,"片岡志行","タイヘイ","21100ｰA",,1937,"世界最高級ウエスターン吹込",,,
"01","流行歌","初夢双六","お鯉",,,,,,,"ウエスターン管弦楽団",,,,"正岡 容",,"山下五郎",,"宮脇春夫","タイヘイ","21100ｰB",,1937,"世界最高級ウエスターン吹込",,,
"01","流行歌","兵隊さん","井田照夫",,,,,,,"ウエスターン管弦楽団",,,,"松村又一",,"草笛道夫",,"万沢 恒","タイヘイ","21290ｰA",,1937,"世界最高級ウエスターン吹込",,,
"01","流行歌","討伐節","三島一声",,,,,,,"ウエスターン管弦楽団",,,,"西岡水朗",,"飯田三郎",,"万沢 恒","タイヘイ","21290ｰB",,1937,"世界最高級ウエスターン吹込",,,
"01","歌謡曲","花嫁人形","井崎嘉代子",,,,,,,"ウエスターン管弦楽団",,,,"蕗谷紅児",,"杉山長谷雄",,"池譲","タイヘイ","21099ｰA",,1936,"世界最高級ウエスターン吹込",,,
"01","歌謡曲
日本古謡","さくらさくら","井崎嘉代子",,,,,,,"ウエスターン管弦楽団",,,,,,,,"池譲","タイヘイ","21099ｰB",,1936,"世界最高級ウエスターン吹込",,,
"01","流行歌","潮来小唄","喜三龍",,,,,,,"ウエスターン管弦楽団",,,,"麓川十一郎",,"大村能章",,,"タイヘイ","21050ｰA",,1936,"判読できず",,,
"01","流行歌","島が時雨りゃ","谷 不二男",,,,,,,"ウエスターン管弦楽団",,,,"原 郷夢",,"片岡志行",,"額田かもめ","タイヘイ","21050ｰB",,1936,"世界最高級ウエスターン吹込",,,
"01","流行叙情曲","郷愁の月","内本 実",,,,,,,"ウエスターン管弦楽団",,,,"西岡水朗",,"井田一郎",,"井田一郎","タイヘイ","21082ｰA",,1936,"世界最高級ウエスターン吹込",,,
"01","流行歌","あの日の思い出","井崎嘉代子",,,,,,,,,,,"レイモンド服部",,"安部 盛",,,"タイヘイ","21082ｰB",,1936,"世界最高級ウエスターン吹込",,,
"01","流行歌","お夏清十郎","橋本一郎","奥田英子","若草信子",,,,,"タイヘイ管弦楽団",,,,"時雨音羽",,"服部良一",,"長津 弥","タイヘイ","21009ｰA",,1936,"世界最高級ウエスターン吹込",,,
"01","流行歌","お菊の唄","新橋喜代丸","奥田英子","若草信子",,,,,"タイヘイ管弦楽団",,,,"大塚 徹",,"片岡志行",,"片岡志行","タイヘイ","21009ｰB",,1936,"世界最高級ウエスターン吹込",,,
"01","流行歌","紅すずめ","奥田英子",,,,,,,"タイヘイ管弦楽団",,,,"松村又一",,"草笛道夫",,"草笛道夫","タイヘイ","21002ｰA",,1936,"世界最高級ウエスターン吹込
特黒盤",,,
"01","流行歌","たそがれの小路","橋本一郎",,,,,,,,,,,"野村俊夫",,"宮脇春夫",,"宮脇春夫","タイヘイ","21002ｰB",,1936,"世界最高級ウエスターン吹込
特黒盤",,,
"01","時局流行歌","報道戦士の歌(噫！朝日新聞岡部特派員)","紀多 寛","ウエスターンコーラス",,,,,,"ウエスターン管弦楽団",,,,"松内由紀雄",,"近藤 広",,"平林静男","タイヘイ","21312ｰA",,1937,"世界最高級ウエスターン吹込",,,
"01","時局流行歌","軍国の妻","夢香",,,,,,,"ウエスターン管弦楽団",,,,"松本一晴",,"飯田三郎",,"飯田三郎","タイヘイ","21312ｰB",,1937,"世界最高級ウエスターン吹込",,,
"01","流行歌","貴方来るまで","新橋喜代丸",,,,,,,"ウエスターン三味線アンサンブル",,,,"小堀秀雄",,"松山 伸",,"杉田良造","タイヘイ","21253ｰA",,1937,"世界最高級ウエスターン吹込
21182ｰAと同曲？",,,
"01","流行歌","こうしてネああしてネ","お鯉",,,,,,,"ウエスターン三味線アンサンブル",,,,"木村細雄",,"水原英明",,"井田一郎","タイヘイ","21253ｰB",,1937,"世界最高級ウエスターン吹込
21219ｰAｰBと同曲？",,,
"10","士気宣揚歌","戦車驀進","内本 実",,,,,,,,,,,"藪田義雄",,"平林静男",,"平林静男","タイヘイ","21322ｰA",,1937,"世界最高級ウエスターン吹込",,,
"10","士気宣揚歌","祖国の意気","井崎嘉代子・合唱付",,,,,,,"ウエスターン管弦楽団",,,,"小沼 宏",,"平林静男",,"平林静男","タイヘイ","21322ｰB",,1937,"世界最高級ウエスターン吹込",,,
"01","流行歌","若き日の感傷","紀多 寛",,,,,,,"ウエスターン管弦楽団",,,,"島田磬也",,"笹井斎二",,"杉田良造","タイヘイ","21244ｰA",,1937,"世界最高級ウエスターン吹込
宣伝見本盤",,,
"01","流行歌","利根の船頭唄","井田照夫",,,,,,,"ウエスターン管弦楽団",,,,"松村又一",,"草笛道夫",,"万沢 恒","タイヘイ","21222-A",,1937,"世界最高級ウエスターン吹込
宣伝見本盤",,,
"10","行進曲","観艦式行進曲","帝国海軍軍楽隊","内藤清吾指揮",,,,,,,,,,"海軍大佐
池田敬之助",,"佐藤清吉",,"海軍軍楽隊","タイヘイ","21052ｰA",,1936,"世界最高級ウエスターン吹込",,,
"10","行進歌","水兵行進曲","竹内龍夫","ウエスターンコーラス",,,,,,"ウエスターン管弦楽団",,,,"時雨音羽",,"村上清作",,"村上清作","タイヘイ","21052ｰB",,1936,"世界最高級ウエスターン吹込",,,
"01","流行歌","月の城ヶ島","日置 静",,,,,,,"タイヘイセレナーダス",,,,"西岡水朗",,"生田九郎",,"生田九郎","タイヘイ","56136ｰA",,1935,"世界最高級ウエスターン吹込
トロット",,,
"01","流行歌","桜小夜曲","奥田英子","タイヘイ少女合唱団",,,,,,"タイヘイセレナーダス",,,,"西岡水朗",,"横山はるを",,"横山はるを","タイヘイ","56136ｰB",,1935,"世界最高級ウエスターン吹込
トロット",,,
"06","映画主題歌","残月の歌","日置 静",,,,,,,"タイヘイ管弦楽団",,,,"赤城次郎",,"長津 弥",,"長津 弥","タイヘイ","21005ｰA",,1936,"新興キネマ東京現代劇超特作
「残月の歌」主題歌",,,
"06","映画主題歌","愛のともしび","奥田英子",,,,,,,"タイヘイ管弦楽団",,,,"赤城次郎",,"山下五郎",,"山下五郎","タイヘイ","21005ｰB",,1936,"新興キネマ東京現代劇超特作
「残月の歌」主題歌",,,
"06","映画主題歌","片帆船","三島一声",,,,,,,"ウエスターン管弦楽団",,,,"吉村公三郎","佐藤羊一","記載なし",,"早乙女 光・長津 弥","タイヘイ","21049ｰA",,1936,"松竹大船映画「密漁の夜」主題歌",,,
"06","映画主題歌","海辺の恋","奥田英子",,,,,,,"ウエスターン管弦楽団",,,,"齊藤良輔",,"早乙女 光",,"長津 弥","タイヘイ","21049ｰB",,1936,"松竹大船映画「密漁の夜」主題歌",,,
"10","郎吟歌","喇嘛(ラマ)の燈火","三島一声",,,,,,,"ウエスターン管弦楽団",,,,"三島一声",,"ハルピン特務機関長
岡田猛馬(採譜)",,"万沢 恒","タイヘイ","21051ｰA",,1936,"世界最高級ウエスターン吹込",,,
"01","流行歌","千曲(ちくま)夜情","夢香",,,,,,,"ウエスターン管弦楽団",,,,"松本一晴",,"片岡志行",,"片岡志行","タイヘイ","21051ｰB",,1936,"世界最高級ウエスターン吹込",,,
"01","流行歌","お別れね","日置 静",,,,,,,"タイヘイセレナーダス",,,,"島田磬也",,"水原英明",,,"タイヘイ","56123ｰA",,1935,"ワルツ",,,
"01","流行歌","逢いたいわね","奥田英子",,,,,,,"タイヘイセレナーダス",,,,"西崎義輝",,"水原英明",,,"タイヘイ","56123ｰB",,1935,"ワルツ",,,
"01","流行歌","涯なき旅路","奥田英子",,,,,,,"タイヘイ管弦楽団",,,,"飛鳥井帆二",,"宮脇春夫",,"宮脇春夫","タイヘイ","56482ｰA",,1936,"トロット",,,
"01","流行歌","馬車の中から","橋本一郎",,,,,,,"タイヘイ管弦楽団",,,,"西岡水朗",,"土屋正春",,"篠原正雄","タイヘイ","56482ｰB",,1936,"トロット",,,
"01","流行歌","君と僕とは","阿部幸次",,,,,,,"タイヘイダンスオーケストラ",,,,"鶴谷真太郎",,"横山はるを",,"平 茂夫","タイヘイ","56232ｰA",,1935,"トロット",,,
"01","流行歌","遙かな夢","ミス・タイヘイ",,,,,,,"タイヘイセレナーダス",,,,"前田豊秋",,"大村能章",,"生田九郎","タイヘイ","56232ｰB",,1935,"ワルツ
ミス・タイヘイは奥田英子の別名",,,
"04","ジャズソング","薔薇のタンゴ","ミス・タイヘイ",,,,,,,"タイヘイタンゴアンサンブル",,,,"関川 正(訳)",,"生田九郎",,,"タイヘイ","56116ｰA",,1935,"タンゴ　
ミス・タイヘイは奥田英子の別名",,,
"04","ジャズソング","ブリューハワイ","ミス・タイヘイ",,,,,,,"チェリーランドレコーディングオーケストラ",,,,"関川 正(訳)",,,,"平 茂夫","タイヘイ","56116ｰB",,1935,"ワルツ
ミス・タイヘイは奥田英子の別名",,,
"01","歌謡曲","旅愁","横田良一",,,,,,,"タイヘイ管弦楽団",,,,"早野 茂",,"近藤十九二",,,"タイヘイ","5112ｰA",,1934,,,,
"08","民謡","アリランの唄","横田良一",,,,,,,"タイヘイ管弦楽団",,,,"タイヘイ文芸部(訳詞)",,,,"服部良一","タイヘイ","5112ｰB",,1934,,,,
"01","新小唄","酒は涙よ溜息よ","黒田 進",,,,,,,"タイヘイストリングバンド",,,,"英はじめ",,"服部良一",,,"タイヘイ","3226ｰA",,1932,"黒田 進は楠木繁夫の別名",,,
"01","流行小唄","私この頃幸福よ","井上起久子",,,,,,,"タイヘイストリングバンド",,,,"英はじめ",,"服部良一",,,"タイヘイ","3226ｰB",,1932,,,,
"01","流行歌","軍国子守唄","吉田一男",,,,,,,"タイヘイオーケストラ",,,,"村田吉邦",,"北木正義",,"北木正義","タイヘイ","15263ｰA",,"不詳",,,,
"01","流行歌","母心","吉田一男","漣 菊子",,,,,,"タイヘイオーケストラ",,,,"村田吉邦",,"北木正義",,"北木正義","タイヘイ","15263ｰB",,"不詳",,,,
"01","歌謡曲","□□□旗□","南春駅",,,,,,,"太平管弦楽団",,,,"不死鳥",,"李在鎬",,"李在鎬","タイヘイ","GC-3030","K-1270","不詳","ハングル文字判読できず",,,
"01","歌謡曲","□□□漁火","南春駅",,,,,,,"太平管弦楽団",,,,"不死鳥",,"李在鎬",,"李在鎬","タイヘイ","GC-3030","K-1275","不詳","ハングル文字判読できず",,,
"01","流行歌","曠野의馬車","朴世鳴",,,,,,,"太平管弦楽団",,,,"李鎬𣳾",,"文芸部",,,"タイヘイ","C8339-A",,"不詳","ハングル文字判読できず",,,
"01","流行歌","거리의恋歌","朴世鳴",,,,,,,"太平管弦楽団",,,,"李鎬𣳾",,"文芸部",,,"タイヘイ","C8339-B",,"不詳","ハングル文字判読できず",,,
"01","流行歌","□□□□","盧碧花",,,,,,,"太平管弦楽団",,,,"金尚火",,"水谷ひろし",,,"タイヘイ","C8223-A",,"不詳","ハングル文字判読できず",,,
"01","流行歌","□□□謳歌","崔南鏞","姜石燕",,,,,,"太平管弦楽団",,,,"金尚火",,"井田一郎",,,"タイヘイ","C8223-B",,"不詳","ハングル文字判読できず",,,
"01","流行歌","□□□□□□□□","宋基玉",,,,,,,"太平管弦楽団",,,,"金相基",,"劉一",,,"大日本","C8641","K1069","不詳","ハングル文字判読できず　
タイヘイ・ニットー合併時の大日本蓄音器の表記",,,
"01","流行歌","哀傷□満月台","崔香玉",,,,,,,"太平管弦楽団",,,,"李孤帆",,"李潤雨",,,"大日本","C8641","K1135","不詳","ハングル文字判読できず　
タイヘイ・ニットー合併時の大日本蓄音器の表記",,,
"01","流行歌","番地□□酒幕","白年雪",,,,,,,"記載なし",,,,"処女林",,"李在鎬",,,"タイヘイ",3007,"K1247","不詳","ハングル文字判読できず 白年雪は韓国のスター歌手
ヒット曲「番地のない居酒屋」か？",,,
"01","流行歌","□八字□八字","白年雪",,,,,,,"記載なし",,,,"処女林",,"李在鎬",,,"タイヘイ",3007,"K1241","不詳","ハングル文字判読できず　白年雪は韓国のスター歌手
",,,
"10","社歌","神戸製鋼所社歌","内本 実",,,,,,,,,,,"上野清司",,"大澤壽人",,,"タイヘイ","M1414-A",,"不詳",,,,
"01","流行歌","ハリキレ若人","竹内龍夫",,,,,,,,,,,"西岡水朗",,"松山かほる",,"宮脇春夫","タイヘイ","M1414-B",,"不詳",,,,
"06","映画主題歌","仮染(かりそめ)の唇","春山一雄",,,,,,,"N.Y弦楽合奏団",,,,"松村又一",,"江口夜詩",,"江口夜詩","ニットー","5653ｰB",,1932,"メトロ映画「仮染の唇」主題歌","なし",,
"01","叙情小曲","哀しき口笛","渡辺光子(歌)","カナ井セツヲ(口笛)",,,,,,"N.Y弦楽合奏団",,,,"西岡水朗",,"江口夜詩",,"江口夜詩","ニットー","5653ｰA",,1932,,"なし",,
"01","流行歌","警備兵の唄","東京小花",,,,,,,"ウエスターン管弦楽団",,,,"村田吉邦",,"長津 弥",,"長津 弥","ニットー","20025ｰA",,"不詳","世界最高級ウエスターン吹込","なし",,
"01","流行歌","北満哀歌","新橋みどり","志村道夫",,,,,,"ウエスターン管弦楽団",,,,"伊藤松雄",,"山路幸男",,"山路幸男","ニットー","20025ｰB",,"不詳","世界最高級ウエスターン吹込","なし",,
"08","アメリカ民謡","ミネトンカの湖畔","ヘレン本田",,,,,,,"N.O楽団",,,,"服部龍太郎",,"リューランス",,"篠原正雄","ニットー","S1171-A",,1936,"大衆盤　6640-Aの再発売か？","なし",,
"04","ジャズソング","上海リル","唄川幸子",,,,,,,"N.O楽団",,,,"服部龍太郎",,"ウォーレン",,"篠原正雄","ニットー","S1171-B",,1936,"大衆盤　6382-Aの再発売か？","なし",,
"01","流行歌","製糸情話","桂 孤月","宇野 勝",,,,,,,,,,"不詳",,"不詳",,"不詳","ニットー","5375ｰA",,1931,"作詞・作曲者の記載なし","なし",,
"01","流行歌","製糸情話","小千代",,,,,,,"日東音楽部員",,,,"不詳",,"不詳",,"不詳","ニットー","5375ｰB",,1931,"作詞・作曲者の記載なし","なし",,
"01","流行歌","景気をつけろ(工場の唄)","山田道夫",,,,,,,"N.O楽団",,,,"落合四一",,"森 義八郎",,"篠原正雄","ニットー","5926ｰA",,1933,,"なし",,
"01","流行歌","景気をつけろ(農村の唄)","二村定一",,,,,,,"N.O楽団",,,,"落合四一",,"森 義八郎",,"篠原正雄","ニットー","5926ｰB",,1933,,"なし",,
"01","流行歌","幌馬車","丸山和歌子",,,,,,,"日東管弦団",,,,"伊藤松雄",,"高峰龍雄",,,"ニットー","5443ｰA",,1932,,"なし",,
"01","ジャズ小唄","インディアンの唄","貝塚 正",,,,,,,"日東管弦団",,,,"田口一郎",,"高峰龍雄",,,"ニットー","5443ｰB",,1932,,"なし",,
"01","流行歌","口笛吹いて","水島京子",,,,,,,"ナリタとその楽団",,,,"伊藤松雄",,"永井 巴",,,"ニットー","5357ｰA",,1931,,"なし",,
"01","流行歌","宵待草よ","水島京子",,,,,,,"ナリタとその楽団",,,,"島田芳文",,"森 義八郎",,,"ニットー","5357ｰB",,1931,,"なし",,
"10","ダンスミュージック","叱られて","川路美子",,,,,,,"東京フロリダダンスホール楽手","巴里ムーランルージュ楽員",,,"清水かつら",,"弘田龍太郎",,"ﾓｰﾘｽ･ﾃﾞｭﾌｰﾙ","ニットー","5743ｰＡ",,1932,"タンゴ　","なし",,
"10","ダンスミュージック","浜千鳥","川路美子",,,,,,,"東京フロリダダンスホール楽手","巴里ムーランルージュ楽員",,,"鹿島鳴秋",,"弘田龍太郎",,"ﾓｰﾘｽ･ﾃﾞｭﾌｰﾙ","ニットー","5743ｰＢ",,1932,"タンゴ　S1001-Bで再発売か？","なし",,
"01","流行歌","恋慕哀歌","丸山和歌子","二村定一",,,,,,"N.O楽団",,,,"大沼 萍",,"江口夜詩",,,"ニットー","5923ｰＡ",,1933,,"なし",,
"01","流行歌","別後の唄","泉 愛子",,,,,,,"N.O楽団",,,,"大沼 萍",,"江口夜詩",,,"ニットー","5923ｰＢ",,1933,,"なし",,
"01","流行歌","露営の夢","桂 孤月","宇野 勝",,,,,,,,,,"不詳",,"不詳",,"不詳","ニットー","5492ｰＡ",,"不詳","日支事変余話　作詞・作曲者の記載なし","https://search.showakan.go.jp/search/record/detail.php?id=90137826",,
"01","流行歌","看護婦の唄","桂 孤月","宇野 勝",,,,,,,,,,"不詳",,"不詳",,"不詳","ニットー","5492ｰＢ",,"不詳","日支事変余話　作詞・作曲者の記載なし","https://search.showakan.go.jp/search/record/detail.php?id=90137827",,
"01","時事小唄","噫中村大尉","藤波笑声",,,,,,,,,,,"伊藤松雄",,"永井 巴",,,"ニットー","5425ｰＡ",,1931,,"なし",,
"01","時事小唄","満蒙節","作栄(唄)","福子(糸)","重三郎(糸)",,,,,,,,,"伊藤松雄",,"草笛道朗",,,"ニットー","5425ｰＢ",,1931,,"なし",,
"06","映画主題歌","若いマドロス","大川静夫",,,,,,,"N.O楽団",,,,"恩田幸夫",,"江口夜詩",,"江口夜詩","ニットー","5768ｰＡ",,1932,"東活映画主題歌 フォックストロット S1000-Aは再発売か？","なし",,
"01","ダンス小唄","泣きぼくろ","丸山和歌子",,,,,,,"N.O楽団",,,,"川瀬勇三",,"江口夜詩",,"江口夜詩","ニットー","5768ｰＢ",,1932,"ルンバ","なし",,
"01","流行歌","咲かぬ花なら","二村定一","日東女声合唱団",,,,,,"N.O楽団",,,,"落合四一",,"江口夜詩",,"江口夜詩","ニットー","5975ｰＡ",,1933,"タンゴ","なし",,
"01","流行歌","泣いちゃいけない","丸山和歌子",,,,,,,"N.O楽団",,,,"落合四一",,"江口夜詩",,"江口夜詩","ニットー","5975ｰＢ",,1933,"ブルース","なし",,
"01","流行歌","秋のエレヂー","大川静夫（唄）","カナイセツヲ（口笛）",,,,,,"N.O楽団",,,,"西岡水朗",,"江口夜詩",,"江口夜詩","ニットー","5838ｰＡ",,1932,,"なし",,
"01","流行歌","うたかたの夢","大川静夫",,,,,,,"N.O楽団",,,,"佐々木緑亭",,"江口夜詩",,"江口夜詩","ニットー","5838ｰＢ",,1932,,"なし",,
"01","流行歌","夕日は落ちて","水谷文男",,,,,,,"N.O楽団",,,,"石松秋二",,"江口夜詩",,"江口夜詩","ニットー","5977ｰＡ",,1933,"フォックストロット","なし",,
"01","流行歌","春の宵","川路美子",,,,,,,"N.O楽団",,,,"伊藤星司",,"森 義八郎",,"池譲","ニットー","5977ｰＢ",,1933,"フォックストロット","なし",,
"04","ジャズソング","春来たりなば","内海一郎",,,,,,,"ニットージャズバンド",,,,"判読できず",,,,"島田治一","ニットー","判読できず",,"不詳",,,,
"04","ジャズソング","テルミー","内海一郎",,,,,,,"判読できず",,,,"判読できず",,,,"島田治一","ニットー","判読できず",,"不詳",,,,
"01","流行歌","やくざ双六","橋本一郎",,,,,,,"ニットー管弦楽団",,,,"野村俊夫",,"長津 弥",,"長津 弥","ニットー","59001-A",,1935,,"なし",,
"01","流行歌","しぐれ草紙","新橋みどり",,,,,,,"ニットー管弦楽団",,,,"野村俊夫",,"斎藤 元",,"斎藤 元","ニットー","59001-B",,1935,,"なし",,
"01","流行歌","流れ星","日置 静",,,,,,,"ウエスターン管弦楽団",,,,"松坂直美",,"山下五郎",,"長津 弥","ニットー","20029-A",,"不詳",,,,
"01","流行歌","落葉しぐれ","奥田英子",,,,,,,"ウエスターン管弦楽団",,,,"松村又一",,"館野信平",,"鈴木哲夫","ニットー","20029-B",,"不詳",,,,
"01","流行歌","春の口笛","奥田英子",,,,,,,"ニットー管弦楽団",,,,"藤原山彦",,"草笛道朗",,"服部良一","ニットー","59047-A",,"不詳","トロット",,,
"01","流行歌","沙漠の花","橋本一郎",,,,,,,"ニットー管弦楽団",,,,"伊藤松雄",,"服部良一",,"服部良一","ニットー","59047-B",,"不詳","パソドブレ",,,
"07","新鉄道唱歌","山陰線","永井郁子",,,,,,,"沢田柳吉(ピアノ)",,,,"記載なし",,"記載なし",,,"ニットー","3607-A",,1929,"鉄道省・大阪毎日・東京日日新聞社発表","https://search.showakan.go.jp/search/record/detail.php?id=90148633",,
"07","新鉄道唱歌","山陰線","岩崎英太指揮","児童合唱団",,,,,,,,,,"記載なし",,"記載なし",,,"ニットー","3607-B",,1929,"鉄道省・大阪毎日・東京日日新聞社発表","https://search.showakan.go.jp/search/record/detail.php?id=90148634",,
"10","記載なし","アレコキ","神田千鶴子","瀧田清之介",,,,,,"シルバリー・ユカレリアンズ",,,,"記載なし",,"記載なし",,,"ニットー","記載なし",,"不詳",,"なし",,
"10","記載なし","片想ひ","神田千鶴子","神原友子",,,,,,"シルバリー・ユカレリアンズ",,,,"記載なし",,"記載なし",,,"ニットー","記載なし",,"不詳",,"なし",,
"01","流行歌","女給の唄","酒井ゆり子",,,,,,,"日東管弦団",,,,"伊藤松雄",,"永井 巴",,,"ニットー","4292-A",,1930,"広津和郎原作　婦人公論連載『女給』","なし",,
"01","流行歌","投げキッス","酒井ゆり子",,,,,,,"判読できず",,,,"段谷秋比登",,"永井 巴",,,"ニットー","4292-B",,1930,,"なし",,
"01","ダンス小唄","君にもたれて","川路美子",,,,,,,"N.O楽団",,,,"林 柳波",,"池 譲",,"池 譲","ニットー","5787-A",,1932,"ブルース　S1840-Bと同じ曲か？","なし",,
"01","ダンス小唄","嘆きのセレナーデ","川路美子",,,,,,,"N.O楽団",,,,"水木讓治",,"田村しげる",,"江口夜詩","ニットー","5787-B",,1932,"ワルツ","なし",,
"07","唱歌","戦友","玉津志摩子","ニットー合唱団",,,,,,"ニットー管弦楽団",,,,"記載なし",,"記載なし",,,"ニットー","20055-A",,"不詳",,"なし",,
"07","唱歌","勇敢なる水兵・水師営の会見","室 冨美子",,,,,,,"ニットー管弦楽団",,,,"記載なし",,"記載なし",,,"ニットー","20055-B",,"不詳",,"なし",,
"01","ジャズソング","銀座行進曲","内海一郎",,,,,,,"日東ジャズバンド",,,,"正岡 容",,"塩尻精八",,,"ニットー","3440-A",,1928,,"なし",,
"01","ジャズソング","道頓堀行進曲","内海一郎",,,,,,,"日東ジャズバンド",,,,"日比野繁次郎",,"塩尻精八",,,"ニットー","3440-B",,1928,,"なし",,
"10","高島屋店歌","朝の歌","水野康孝(独唱)","檜 健次(振付)",,,,,,"日東オーケストラ",,,,"与謝野 寛",,"辻 順治",,,"ニットー","なしA",,"不詳","高島屋店歌","なし",,
"10","高島屋店歌","感謝の歌","藤田文子(独唱)","檜 健次(振付)",,,,,,"日東オーケストラ",,,,"与謝野 寛",,"小林光夫",,,"ニットー","なしB",,"不詳","高島屋店歌","なし",,
"01","新小唄","姫路おどり","橋本一郎","新橋喜代丸","ニットー合唱団",,,,,"ニットー和洋楽団",,,,"姫津線全通記念事業協会",,"大村能章",,"大村能章","ニットー","59070-A",,"不詳",,"なし",,
"01","流行歌","姫津双六","橋本一郎",,,,,,,"ニットー管弦楽団",,,,"大塚 徹",,"長津 弥",,"長津 弥","ニットー","59070-B",,"不詳",,"なし",,
"01","流行歌","陽気な彼女たち","大川静夫（唄）","カナ井セツヲ（口笛）",,,,,,"N.O楽団",,,,"島田磬也",,"江口夜詩",,"江口夜詩","ニットー","5976-A",,1933,"シックスエイト","なし",,
"01","流行歌","露西亜むすめ","川路美子",,,,,,,"N.O楽団",,,,"大沼 萍",,"江口夜詩",,"江口夜詩","ニットー","5976-B",,1933,"ワンステップ","なし",,
"01","叙情小曲","ひとりしょんぼりうつむいて","笹川銀子",,,,,,,"ギター・マンドリン・フルート伴奏",,,,"佐々木緑亭",,"高峰龍雄",,,"ニットー","5543-A",,1932,,"なし",,
"01","叙情小曲","今宵あなたのお望みは","笹川銀子",,,,,,,"ギター・マンドリン・フルート伴奏",,,,"佐々木緑亭",,"高峰龍雄",,,"ニットー","5543-B",,1932,,"なし",,
"06","映画主題歌","ブロンド・ヴィナスの唄","渡辺光子",,,,,,,"N.O楽団",,,,"大沼 萍",,"江口夜詩",,"江口夜詩","ニットー","5922-A",,1933,"パラマウント映画　デートリヒ主演","なし",,
"06","映画主題歌","港離れて","大川静夫",,,,,,,"N.O楽団",,,,"島田磬也",,"江口夜詩",,"江口夜詩","ニットー","5922-B",,1933,"宝塚映画　映画主題歌","なし",,
"01","ダンス小唄","妾(わた)しゃ死ぬ程好きなのよ","笹川銀子",,,,,,,"日東管弦団",,,,"久保田宵二",,"森 義八郎",,,"ニットー","5710-A",,1932,"ブルース","なし",,
"01","ダンス小唄","朝から晩まで","丸山和歌子",,,,,,,"日東管弦団",,,,"田端二八郎",,"永井 巴",,,"ニットー","5710-B",,1932,"ブルース","なし",,
"01","流行歌","旅の愁い","東海林太郎",,,,,,,"N.O楽団",,,,"松村又一",,"草笛道郎",,"清田 茂","ニットー","101-A",,"不詳","ワルツ","なし",,
"01","流行歌","流浪の唄","東海林太郎",,,,,,,"N.O楽団",,,,"松村又一",,"中田君夫",,"中田君夫","ニットー","101-B",,"不詳","フォックストロット","なし",,
"04","ダンスミュージック","夕空晴れて","大川静夫",,,,,,,"巴里ムーランルージュ楽員",,,,"記載なし",,"記載なし",,,"ニットー","S1414-A",,1936,"ワルツ　大衆盤","なし",,
"04","ダンスミュージック","故郷の廃家","川路美子",,,,,,,"巴里ムーランルージュ楽員",,,,"記載なし",,"記載なし",,,"ニットー","S1414-B",,1936,"ワルツ　大衆盤","なし",,
"02","書生節","すたれ者","寺井金春",,,,,,,,,,,"記載なし",,"記載なし",,,"ニットー","1888-A",,"不詳",,"https://search.showakan.go.jp/search/record/detail.php?id=90115093",,
"02","書生節","旅路の唄","寺井金春",,,,,,,,,,,"記載なし",,"記載なし",,,"ニットー","1888-B",,"不詳",,"https://search.showakan.go.jp/search/record/detail.php?id=90115094",,
"07","軍歌","皇軍進発","貝塚 正",,,,,,,"ニットー管弦楽団",,,,"伊藤松雄",,"永井 巴",,,"ニットー","S1406-A",,1936,"大衆盤","なし",,
"07","軍歌","わが戦友","貝塚 正",,,,,,,"ニットー管弦楽団",,,,"伊藤松雄",,"永井 巴",,,"ニットー","S1406-B",,1936,"大衆盤","なし",,
"01","新小唄","当世緊縮節","小千代",,,,,,,"ピアノ三絃伴奏",,,,"小国比沙志",,"伊野冷晃",,"篠原正雄","ニットー","3758-A",,1929,,"なし",,
"01","新小唄","当世緊縮節","鴨川京子",,,,,,,"管弦楽伴奏",,,,"小国比沙志",,"伊野冷晃",,"篠原正雄","ニットー","3758-B",,1929,,"なし",,
"10","記載なし","西陣ぞめき(上)","玉葉","金弥","光栄","玉蝶",,,,"福二(三絃)","雛三(三絃)","成田七五三夫ジャズバンド",,"高谷 伸",,"杵屋弥助",,"佐藤隆也","ニットー","無番号1",,"不詳","京都北新地芸伎　","なし",,
"10","記載なし","西陣ぞめき(下)","玉葉","金弥","光栄","玉蝶",,,,"福二(三絃)","雛三(三絃)","成田七五三夫ジャズバンド",,"高谷 伸",,"杵屋弥助",,"佐藤隆也","ニットー","無番号2",,"不詳","京都北新地芸伎　","なし",,
"01","流行歌","糸のもつれ","浅草美ち奴",,,,,,,"ニットーオーケストラ",,,,"松村又一",,"服部良一",,,"ニットー","S1173-A",,1936,"大衆盤　6440-Bの再発売か？","なし",,
"01","流行歌","君を訪ねて","渡辺光子",,,,,,,"N.O楽団",,,,"畑中正澄",,"永井 巴",,,"ニットー","S1173-B",,1936,"大衆盤","なし",,
"07","新鉄道唱歌","東海道線","永井郁子",,,,,,,"沢田柳吉(ピアノ)",,,,"記載なし",,"記載なし",,,"ニットー","3601-A",,1929,"鉄道省・大阪毎日・東京日日新聞社発表","https://search.showakan.go.jp/search/record/detail.php?id=90002699",,
"07","新鉄道唱歌","東海道線","岩崎英太指揮","児童合唱団",,,,,,"ニットー管弦団",,,,"記載なし",,"記載なし",,,"ニットー","3601-B",,1929,"鉄道省・大阪毎日・東京日日新聞社発表","https://search.showakan.go.jp/search/record/detail.php?id=90002700",,
"10","奉祝歌","皇子御降誕奉祝歌","ニットー合唱団",,,,,,,,,,,"清水かつら",,"阪東政一",,,"ニットー","6330-A",,1934,,,,
"10","奉祝歌","弥栄踊","北陽駒香","ニットー合唱団",,,,,,"ニットー管弦楽団",,,,"松村又一",,"阪東政一",,,"ニットー","6330-B",,1934,,,,
"01","流行歌謡曲","湖上の踊り","川路美子",,,,,,,"巴里ムーランルージュ楽員",,,,"松村又一",,"江口夜詩",,"江口夜詩","ニットー","S1481-A",,1936,"大衆盤　",,,
"01","流行歌謡曲","山は白銀","大川静夫",,,,,,,"巴里ムーランルージュ楽員",,,,"松村又一",,"江口夜詩",,"江口夜詩","ニットー","S1481-B",,1936,"大衆盤　",,,
"01","流行歌","廿才(はたち)の秋","友野俊一",,,,,,,"N.O楽団",,,,"西川林之助",,"山下五郎",,"服部良一","ニットー","S1840-A",,1936,,,,
"01","流行歌","君にもたれて","川路美子",,,,,,,"N.O楽団",,,,"林 柳波",,"池 譲",,"池 譲","ニットー","S1840-B",,1936,"5787-Aと同じ曲か？",,,
"01","流行歌","初春ばやし","小花","美ち奴","きみ栄",,,,,"ニットーオーケストラ",,,,"伊藤松雄",,"服部良一",,"服部良一","ニットー","6641-A",,1935,"S1427-Aと同じ曲か？",,,
"01","流行歌","明けの東雲","田中文洲",,,,,,,"ニットーオーケストラ",,,,"松村又一",,"山下五郎",,"篠原正雄","ニットー","6641-B",,1935,,,,
"01","流行歌","夢の幌馬車","三上静雄",,,,,,,"N.O楽団",,,,"松村又一",,"草笛道朗",,"草笛道朗","ニットー","6442-A",,1934,,,,
"01","流行歌","夜明けまで","藤田不二子",,,,,,,"N.O楽団",,,,"沼津太郎",,"青山武夫",,"青山武夫","ニットー","6442-B",,1934,,,,
"01","流行歌","曠野に祈る","浅草美ち奴",,,,,,,"N.O楽団",,,,"伊藤松雄",,"水谷ひろし",,"服部良一","ニットー","S1026-A",,1936,"大衆盤",,,
"01","流行歌","胡弓の調べ","浅草美ち奴",,,,,,,"N.O楽団",,,,"伊藤松雄",,"服部良一",,"服部良一","ニットー","S1026-B",,1936,"ワルツ　大衆盤",,,
"01","流行歌","初春ばやし","浅草美ち奴","日本橋きみ栄","小花",,,,,"ニットー管弦楽団",,,,"伊藤松雄",,"服部良一",,"服部良一","ニットー","S1427-A",,1936,"大衆盤　6641-Aと同じ曲か？",,,
"01","流行民謡","豊年ぶし","浅草美ち奴",,,,,,,"ニットー管弦楽団",,,,"平山 蘆江",,"阪東政一",,"山崎裕康","ニットー","S1427-B",,1936,"大衆盤",,,
"01","流行歌","恋慕くづし","浅草美ち奴",,,,,,,"ニットーオーケストラ",,,,"西岡水朗",,,,"服部良一","ニットー","S1025-A",,1936,"合同記念奉仕盤　作曲者の記載なし",,,
"01","流行歌","草津くづし","浅草美ち奴",,,,,,,"ニットーオーケストラ",,,,"大沼 萍",,,,"服部良一","ニットー","S1025-B",,1936,"合同記念奉仕盤　作曲者の記載なし",,,
"01","流行歌","流す新内","大倉逸平",,,,,,,"ウエスターン管弦楽団",,,,"松田翠涛",,"太田三郎",,"太田三郎","ニットー","20012-A",,"不詳","世界最高級ウエスターン吹込",,,
"01","流行歌","うすい情","大倉逸平","新橋喜代丸",,,,,,"ウエスターン管弦楽団",,,,"小諸廉太郎",,"植田邦夫",,"植田邦夫","ニットー","20012-B",,"不詳","世界最高級ウエスターン吹込",,,
"01","流行歌","とろりとさ","東海林太郎",,,,,,,"N.O楽団",,,,"高橋掬太郎",,"中田君夫",,"中田君夫","ニットー","103-A",,"不詳",,"なし",,
"01","流行歌","アイヌの娘","東海林太郎",,,,,,,"N.O楽団",,,,"落合四一",,"草笛道朗",,"清田 茂","ニットー","103ｰB",,"不詳",,"なし",,
"01","流行歌","恋は浮草","浅草美ち奴",,,,,,,"N.O楽団",,,,"千島時雨郎",,"田村しげる",,"篠原正雄","ニットー","S1428-A",,1936,"大衆盤",,,
"01","流行歌","片えくぼ","日本橋きみ栄",,,,,,,"N.O楽団",,,,"坂村真民",,"佐藤友吉",,"佐藤友吉","ニットー","S1428-B",,1936,"大衆盤",,,
"01","流行歌","チャンリキ節","浅草美ち奴",,,,,,,"ニットーオーケストラ",,,,"記載なし",,"記載なし",,"服部良一","ニットー","S1036-A",,1936,"奉仕盤　6526－Bの再発売か？",,,
"01","流行歌","花の吐息か","浅草美ち奴",,,,,,,"ニットーオーケストラ",,,,"松村又一",,"服部良一",,"服部良一","ニットー","S1036-B",,1936,"奉仕盤",,,
"01","流行歌","朗らかな口笛","大川静夫(歌)","カナ井セツヲ(口笛)",,,,,,"N.O楽団",,,,"西岡水朗",,"江口夜詩",,"江口夜詩","ニットー","S1166-A",,1936,,,,
"01","流行歌","山のハーモニカ","東海林太郎",,,,,,,"N.O楽団",,,,"藤原山彦",,"江口夜詩",,"清田 茂","ニットー","S1166-B",,1936,"トロット",,,
"01","流行民謡","炭坑節","浅草美ち奴",,,,,,,"ニットーオーケストラ",,,,"文芸部",,,,"服部良一","ニットー","S1175-A",,1936,"大衆盤",,,
"01","流行歌","恋の不知火","日本橋きみ栄",,,,,,,"N.O楽団",,,,"千々岩秋月",,"益田銀三",,"青山武夫","ニットー","S1175-B",,1936,"大衆盤",,,
"01","流行歌","うたかたの夢","大川静夫",,,,,,,"N.O楽団",,,,"佐々木緑亭",,"江口夜詩",,"江口夜詩","ニットー","S1170-A",,1936,"5838ｰＢの再発売か？　大衆盤",,,
"01","流行歌","かもめ悲しや","浅草美ち奴",,,,,,,"N.O楽団",,,,"藤原山彦",,"江口夜詩",,"服部良一","ニットー","S1170-B",,1936,"大衆盤",,,
"01","流行歌","噂の花","浅草美ち奴",,,,,,,"N.O楽団",,,,"松村又一",,"龍田 甫",,"服部良一","ニットー","S1172-A",,1936,"大衆盤",,,
"01","流行歌","強いようでも","松島詩子",,,,,,,"N.O楽団",,,,"高橋掬太郎",,"服部良一",,"服部良一","ニットー","S1172-B",,1936,"大衆盤",,,
"01","流行歌","ほんとに涼しい","浅草美ち奴",,,,,,,"ニットーオーケストラ",,,,"正岡 容",,"大村能章",,"大村能章","ニットー","S1190-A",,1936,"大衆盤",,,
"01","流行歌","夏は嬉しや","浅草美ち奴",,,,,,,"ニットーオーケストラ",,,,"西岡水朗",,"中田君夫",,"中田君夫","ニットー","S1190-B",,1936,"大衆盤",,,
"01","流行歌","さくらおけさ","浅草美ち奴",,,,,,,"ニットーオーケストラ",,,,"西岡水朗",,"服部良一",,"服部良一","ニットー","S1058-A",,1936,"奉仕盤　6385-Aの再発売か？",,,
"01","流行歌","うららか音頭","浅草美ち奴","三上静雄","藤田不二子",,,,,"ニットーオーケストラ",,,,"野口征夫",,"服部良一",,"服部良一","ニットー","S1058-B",,1936,"奉仕盤　6385-Bの再発売か？",,,
"01","流行歌","躍る銀嶺","東海林太郎",,,,,,,"N.O楽団",,,,"松村又一",,"中田君夫",,"中田君夫","ニットー","S1034-A",,1936,"奉仕盤",,,
"01","流行歌","愛し紅ばら","東海林太郎",,,,,,,"N.O楽団",,,,"田村梵次",,"大村能章",,"大村能章","ニットー","S1034-B",,1936,"奉仕盤",,,
"01","流行歌","はいよ節","浅草美ち奴",,,,,,,"ニットーオーケストラ",,,,"藤原山彦",,"服部良一",,"服部良一","ニットー","S1191-A",,1936,"大衆盤",,,
"01","流行歌","さすらいの踊子","浅草美ち奴",,,,,,,"ニットーオーケストラ",,,,"南條歌美",,"水谷ひろし",,"服部良一","ニットー","S1191-B",,1936,"大衆盤",,,
"07","唱歌","戦友","松岡節子",,,,,,,"ニットー管弦団",,,,"記載なし",,"記載なし",,,"ニットー","S1033-A",,1936,"大衆盤",,,
"07","唱歌","勇敢なる水兵","岡村恵子",,,,,,,"ニットー管弦団",,,,"記載なし",,"記載なし",,,"ニットー","S1033-B",,1936,"大衆盤",,,
"04","ジャズソング","モンパリ","内海一郎",,,,,,,"ニットージャズバンド",,,,"中村彼路子",,,,"篠原正雄","ニットー","3515-A",,1929,,,,
"04","ジャズソング","行進曲紐育(ニューヨーク)","内海一郎",,,,,,,"ニットージャズバンド",,,,"中村彼路子",,,,"篠原正雄","ニットー","3515-B",,1929,,,,
"01","ジャズソング","京都行進曲(上)","泉 愛子",,,,,,,"ニットージャズバンド",,,,"中村敬二",,"直川哲也",,,"ニットー","無番号3",,"不詳",,,,
"01","ジャズソング","京都行進曲(下)","泉 愛子",,,,,,,"ニットージャズバンド",,,,"中村敬二",,"直川哲也",,,"ニットー","無番号4",,"不詳",,,,
"01","独唱","道頓堀行進曲","筑波久仁子",,,,,,,"片岡正太郎(ハーモニカ)","清水 昌(ピアノ)",,,"日比野繁次郎",,"塩尻精八",,,"ニットー","2905-A",,1928,,,,
"01","小曲独唱","旅人の唄","筑波久仁子",,,,,,,"清水 昌(ピアノ)",,,,"段谷秋比登",,"塩尻精八",,,"ニットー","2905-B",,1928,,,,
"01","流行歌","仰げ雪嶺","林 伊佐緒",,,,,,,"ニット－管弦楽団",,,,"島田芳文",,"山崎裕康",,"宮脇春夫","ニットー","59002-A",,1932,,,,
"01","流行歌","スキーヤーの唄","橋本一郎",,,,,,,"ニットーセレナーダス",,,,"時雨音羽",,"片岡志行",,"斎藤 元","ニットー","59002-B",,1932,,,,
"01","流行歌","招く山々","東海林太郎",,,,,,,"N.O楽団",,,,"内山惣十郎",,"井田一郎",,"井田一郎","ニットー","S1102-A",,1936,"フォックストロット　大衆盤",,,
"01","流行歌","椰子の木蔭","東海林太郎",,,,,,,"N.O楽団",,,,"島田磬也",,"川本晴朗",,"篠原正雄","ニットー","S1102-B",,1936,"フォックストロット　大衆盤",,,
"01","流行歌","思い出のワルツ","川路美子",,,,,,,"N.O楽団",,,,"川瀬勇三",,"田村しげる",,"篠原正雄","ニットー","S1168-A",,1936,"大衆盤",,,
"01","流行歌","讃えよ若き日","大川静夫",,,,,,,"N.O楽団",,,,"片平庸人",,"森 義八郎",,"江口夜詩","ニットー","S1168-B",,1936,"大衆盤",,,
"01","流行歌","忘れちゃいやよ","浅草美ち奴",,,,,,,"N.O楽団",,,,"吉井 勇",,"水谷ひろし",,"服部良一","ニットー","S1174-A",,1936,"大衆盤",,,
"01","流行歌","思い仄かに","日本橋きみ栄",,,,,,,"N.O楽団",,,,"松坂直美",,"長島虎光 ",,"服部良一","ニットー","S1174-B",,1936,"大衆盤",,,
"01","記載なし","故郷の唄","貝塚 正",,,,,,,"日東管弦団",,,,"伊藤松雄",,"貝塚正治郎",,,"ニットー","3867-A",,1930,"レマルク『西部戦線異状なし』秦豊吉翻訳 中央公論社刊行　",,,
"01","記載なし","塹壕の唄","貝塚 正",,,,,,,"日東管弦団",,,,"伊藤松雄",,"山崎栄二郎",,,"ニットー","3867-B",,1930,"レマルク『西部戦線異状なし』秦豊吉翻訳 中央公論社刊行　",,,
"07","軍歌","陸軍の歌","辻楽長指揮","陸軍戸山学校軍楽隊",,,,,,,,,,"陸軍中将
堀内文次郎",,"山崎栄次郎",,,"ニットー","5519-A",,1932,"勅諭五ヶ条の記憶と実行の為に",,,
"07","軍歌","行軍の歌","辻楽長指揮","陸軍戸山学校軍楽隊",,,,,,,,,,"伊藤松雄",,"山崎栄次郎",,,"ニットー","5519-B",,1932,,,,
"10","松竹座レビュー","春の唄","井上起久子",,,,,,,"松竹ジャズバンド",,,,"湯浅久雄",,"塩尻精八",,,"ニットー","3435-A",,1928,,,,
"04","ジャズ","印度の唄","松竹ジャズバンド",,,,,,,,,,,"記載なし",,"記載なし",,,"ニットー","3435-B",,1928,,,,
"01","流行歌","春が来たから","大川静夫","日東混声合唱団",,,,,,"N.O楽団",,,,"大沼 萍",,"江口夜詩",,"江口夜詩","ニットー","6016-A",,1933,"フォックストロット",,,
"01","流行歌","今宵ひととき","川路美子",,,,,,,"N.O楽団",,,,"南 邦男",,"江口夜詩",,"江口夜詩","ニットー","6016-B",,1933,"ルンバ",,,
"06","映画主題歌","故郷追はれて(藤太の唄)","東海林太郎",,,,,,,"N.O楽団",,,,"松村又一",,"水間扶美男",,"水間扶美男","ニットー","S1001-A",,1936,"宝塚キネマ『片仮名忠義』主題歌　合同記念奉仕盤
水間扶美男は服部良一の別名",,,
"10","ダンスミュージック","浜千鳥","川路美子",,,,,,,"東京フロリダダンスホール楽手","巴里ムーランルージュ楽員",,,"鹿島鳴秋",,"弘田龍太郎",,"ﾓｰﾘｽ･ﾃﾞｭﾌｰﾙ","ニットー","S1001-B",,1936,"ワルツ　合同記念奉仕盤　5743ｰＢの再発売か？",,,
"01","流行歌","仰げ燕岳(つばくろ)","浅草美ち奴",,,,,,,"ニットーオーケストラ",,,,"奥野椰子夫",,"山下五郎",,"服部良一","ニットー","S1423-A",,1936,"大衆盤",,,
"01","流行歌","天龍ながし","日本橋きみ栄",,,,,,,"ニットーオーケストラ",,,,"藤原山彦",,"服部良一",,"服部良一","ニットー","S1423-B",,1936,"大衆盤",,,
"01","流行歌","谷の灯ともし頃","マイ・フレンド",,,,,,,"ニットーハワイアンバンド",,,,"服部龍太郎",,,,"篠原正雄","ニットー","S1838-A",,1936,"マイ・フレンドは林 伊佐緒の別名",,,
"10","ギター独奏","ブルーハワイ","ニットーハワイアンバンド",,,,,,,"ニットーハワイアンバンド",,,,,,,,"篠原正雄","ニットー","S1838-B",,1936,,,,
"01","流行歌","辛い別れも","浅草美ち奴",,,,,,,"ニットーオーケストラ",,,,"松村又一",,"服部良一",,"服部良一","ニットー","S1176-A",,1936,"大衆盤",,,
"01","流行歌","恋は悲しや","松島詩子",,,,,,,"N.O楽団",,,,"坂村真民",,"服部良一",,"服部良一","ニットー","S1176-B",,1936,"大衆盤",,,
"01","流行歌","泣かせておいて","浅草美ち奴",,,,,,,"ピアノ・三絃・皷伴奏",,,,"島田磬也",,"草笛道朗",,"草笛道朗","ニットー","S1424-A",,1936,"大衆盤",,,
"01","流行歌","別れた後は","浅草美ち奴",,,,,,,"ニットーオーケストラ",,,,"沼津太郎",,"判読できず",,"服部良一","ニットー","S1424-B",,1936,"大衆盤",,,
"01","流行歌","街の鼻唄","東海林太郎",,,,,,,"N.O楽団",,,,"西岡水朗",,"江口夜詩",,,"ニットー","普6781-A",,1935,"ワルツ　普及盤",,,
"01","流行歌","街の狭霧","安藤敏子",,,,,,,"N.O楽団",,,,"島田磬也",,"田村しげる",,,"ニットー","普6781-B",,1935,"タンゴ　普及盤",,,
"01","流行歌","はぐれ鳥","日置 静",,,,,,,"ニットー管弦楽団",,,,"南條歌美",,"大村能章",,"大村能章","ニットー","S1895-A",,1936,,,,
"01","流行歌","別れの並木","奥田英子",,,,,,,"ニットー管弦楽団",,,,"小松四郎",,"中村ひろし",,"井田一郎","ニットー","S1895-B",,1936,,,,
"01","流行歌","たまのチャンス","浅草美ち奴",,,,,,,"ニットーオーケストラ",,,,"西岡水朗",,"服部良一",,"服部良一","ニットー","S1027-A",,1936,"大衆盤",,,
"01","流行歌","恋の雪徑","浅草美ち奴",,,,,,,"ニットーオーケストラ",,,,"南條歌美",,"山下五郎",,"服部良一","ニットー","S1027-B",,1936,"大衆盤",,,
"01","流行歌","新国境警備の唄","浅草美ち奴",,,,,,,"ニットーオーケストラ",,,,"藤原山彦",,"記述なし",,"服部良一","ニットー","6407-A",,1934,,,,
"01","流行歌","新鴨緑江節","浅草美ち奴",,,,,,,"ニットーオーケストラ",,,,"藤原山彦",,"記述なし",,"服部良一","ニットー","6407-B",,1934,,,,
"01","流行歌謡曲","海の子守唄","三上静雄",,,,,,,"ニットーアンサンブル",,,,"西岡水朗",,"服部良一",,"服部良一","ニットー","6490-A",,1934,,,,
"01","流行歌謡曲","港の別れ唄","日本橋きみ栄(唄)","カナ井セツヲ(口笛)",,,,,,"ギター・ヴァイオリン",,,,"西岡水朗",,"服部良一",,"服部良一","ニットー","6490-B",,1934,,,,
"06","映画主題歌","若いマドロス","大川静夫",,,,,,,"N.O楽団",,,,"恩田幸夫",,"江口夜詩",,"江口夜詩","ニットー","S1000-A",,1936,"映画主題歌　トロット　5768ｰＡの再発売か？合同記念奉仕盤",,,
"01","流行歌","誰が泣きましょう","松島詩子",,,,,,,"N.O楽団",,,,"渡辺秋水",,"広小路 章",,"青山武夫","ニットー","S1000-B",,1936,"合同記念奉仕盤　",,,
"01","流行歌","港離れて","大川静夫",,,,,,,"N.O楽団",,,,"島田磬也",,"江口夜詩",,"江口夜詩","ニットー","S1035-A",,1936,"奉仕盤",,,
"01","叙情小曲","哀しき口笛","渡辺光子(歌)","カナ井セツヲ(口笛)",,,,,,"N.Y弦楽合奏団",,,,"西岡水朗",,"江口夜詩",,"江口夜詩","ニットー","S1035-B",,1936,"奉仕盤　5653ｰAの再発売か？",,,
"01","流行歌","詩吟入戦友ぶし","浅草美ち奴","ニットー合唱団",,,,,,"ニットーオーケストラ",,,,"藤原山彦",,"服部良一",,"服部良一","ニットー","S1193-A",,1936,"大衆盤",,,
"01","流行歌","日本よい国","浅草美ち奴",,,,,,,"ニットーオーケストラ",,,,"伊藤松雄",,"齋藤佳三",,"篠原正雄","ニットー","S1193-B",,1936,"大衆盤",,,
"01","流行民謡","会津おはら","浅草美ち奴",,,,,,,"ニットーオーケストラ",,,,"文芸部",,"記載なし",,"服部良一","ニットー","S1177-A",,1936,"大衆盤　6526－Aの再発売か？",,,
"01","流行民謡","新草津ぶし","浅草美ち奴",,,,,,,"ニットーオーケストラ",,,,"平山芦江",,"記載なし",,"服部良一","ニットー","S1177-B",,1936,"大衆盤",,,
"01","流行歌","ああ夜は夢か","根本美津子",,,,,,,"N.O楽団",,,,"西崎義輝",,"森 義八郎",,"青山武夫","ニットー","6215-A",,1933,"ワルツ",,,
"01","流行歌","男ごころ","川路美子",,,,,,,"N.O楽団",,,,"高橋掬太郎",,"江口夜詩",,"江口夜詩","ニットー","6215-B",,1933,"フォックストロット",,,
"01","流行小唄","浪花音頭","白石照夫",,,,,,,"N.O楽団",,,,"塚本篤夫",,"草笛道朗",,"阪東政一","ニットー","6226-A",,1933,,,,
"01","流行小唄","浪花流し","梅花(唄)","琴弥(糸)",,,,,,"N.O楽団",,,,"西川林之助",,"近藤十九二",,"近藤十九二","ニットー","6226-B",,1933,,,,
"01","流行歌","会津おはら","浅草美ち奴","合唱囃子付",,,,,,"ニットーオーケストラ",,,,"文芸部",,"記載なし",,"服部良一","ニットー","6,526-A",,1936,"S1177-Aは再発売か？",,,
"01","流行歌","チャンリキ節","浅草美ち奴","合唱囃子付",,,,,,"ニットーオーケストラ",,,,"記載なし",,"記載なし",,"服部良一","ニットー","6526-B",,1936,"S1036-Aは再発売か？",,,
"01","流行歌","ああ満洲(上)","浅草美ち奴","黒田すすむ",,,,,,"N.O楽団",,,,"牧 逸馬",,"水谷ひろし",,"服部良一","ニットー","6463-A",,1934,"黒田すすむは楠木繁夫の別名",,,
"01","流行歌","ああ満洲(下)","浅草美ち奴","黒田すすむ",,,,,,"N.O楽団",,,,"牧 逸馬",,"水谷ひろし",,"服部良一","ニットー","6463-B",,1934,"黒田すすむは楠木繁夫の別名",,,
"01","流行歌","空ゆく鳥","林 伊佐緒",,,,,,,"N.O楽団",,,,"松坂直美",,"行方 伸",,"篠原正雄","ニットー","6568-A",,1934,,,,
"01","流行歌","影に泣く","由利文子",,,,,,,"N.O楽団",,,,"西岡水朗",,"龍田 甫",,"龍田 甫","ニットー","6568-B",,1934,,,,
"01","流行歌","紅ふぶき","沢 雅子",,,,,,,"ニットー管弦楽団",,,,"西川皓康",,"筑波一夫",,"筑波一夫","ニットー","S1897-A",,1937,,,,
"01","流行歌","思い余って","奥田英子",,,,,,,"ニットー管弦楽団",,,,"角田重勝",,"上田邦文",,"筑波一夫","ニットー","S1897-B",,1937,,,,
"01","流行歌","灯ともし頃","日置 静",,,,,,,"N.O楽団",,,,"大沼 萍",,"森 義八郎",,"青山武夫","ニットー","普6293-A",,1934,,,,
"01","流行歌","片想ひ","由利文子",,,,,,,"N.O楽団",,,,"大沼 萍",,"水間扶美男",,"水間扶美男","ニットー","普6293-B",,1934,"水間扶美男は服部良一の別名",,,
"01","流行歌","昭和音頭","北陽駒香","白石照夫",,,,,,"ニットーオーケストラ",,,,"清水かつら",,"阪東政一",,"阪東政一","ニットー","6296-A",,1934,,,,
"01","流行歌","日の丸踊","北陽梅金","塩原秩峰",,,,,,"記載なし",,,,"清水かつら",,"松山 一",,"篠原正雄","ニットー","6296-B",,1934,,,,
"01","流行歌","長崎音頭","浅草美ち奴",,,,,,,"ニットーオーケストラ",,,,"平山芦江",,"齋藤佳三",,"篠原正雄","ニットー","6386-A",,1934,,,,
"01","流行歌","南蛮小唄","山路不二男",,,,,,,"N.O楽団",,,,"平山芦江",,"齋藤佳三",,"篠原正雄","ニットー","6386-B",,1934,,,,
"06","映画主題歌","お蝶夫人主題歌(嘆きの蝶)","渡辺光子",,,,,,,"N.O楽団",,,,"大沼 萍",,"江口夜詩",,"江口夜詩","ニットー","6024-A",,1933,"パラマウント映画　フォックストロット",,,
"06","映画主題歌","お蝶夫人主題歌(いとしの蝶よ)","館野信平",,,,,,,"N.O楽団",,,,"西川林之助",,"江口夜詩",,"江口夜詩","ニットー","6024-B",,1933,"パラマウント映画　フォックストロット",,,
"01","流行民謡","湯の川音頭","浅草美ち奴",,,,,,,"ニットーオーケストラ",,,,"高橋掬太郎",,"中田君夫",,"中田君夫","ニットー","6381-A",,1934,,,,
"01","流行民謡","函館シャンソン","由利文子",,,,,,,"N.O楽団",,,,"高橋掬太郎",,"中田君夫",,"中田君夫","ニットー","6381-B",,1934,,,,
"01","流行歌","夏まつり（第一編）","三上静雄",,,,,,,"N.O楽団",,,,"吉井 勇",,"服部良一",,"服部良一","ニットー","6475-A",,1934,,,,
"01","流行歌","夏まつり（第二編）","松島詩子",,,,,,,"N.O楽団",,,,"吉井 勇",,"益田銀三",,"山崎裕康","ニットー","6475-B",,1934,,,,
"01","流行青年歌","水兵ぶし","浅草美ち奴","塩原秩峰",,,,,,"ニットーオーケストラ",,,,"伊藤松雄",,"清美生二",,"水谷ひろし","ニットー","6437-A",,1934,,,,
"01","流行青年歌","兵隊ぶし","塩原秩峰",,,,,,,"ニットーオーケストラ",,,,"伊藤松雄",,"水谷ひろし",,"水谷ひろし","ニットー","6437-B",,1934,,,,
"06","映画主題歌","野の光（自力更生の歌）","黒田すすむ",,,,,,,"ニットーオーケストラ",,,,"中島まさる",,"服部良一",,,"ニットー","6410-A",,1934,"日活映画『野の光』主題歌]
黒田すすむは楠木繁夫の別名",,,
"06","映画主題歌","野辺の花（初枝の唄）","藤田不二男",,,,,,,"ニットーオーケストラ",,,,"篠崎雅彦",,"服部良一",,,"ニットー","6410-B",,1934,"日活映画『野の光』主題歌",,,
"01","流行民謡","東奥音頭","浅草美ち奴",,,,,,,"ニットーオーケストラ",,,,"東奥日報社推薦歌",,"服部良一",,"服部良一","ニットー","6527-A",,1934,,,,
"01","流行民謡","青森甚句","マイ・フレンド",,,,,,,"ニットーオーケストラ",,,,"東奥日報社相馬重一",,"田村しげる",,"田村しげる","ニットー","6527-B",,1934,"マイ・フレンドは林 伊佐緒の別名",,,
"01","流行歌謡曲","逢いに行く夜","浅草美ち奴",,,,,,,"ニットーオーケストラ",,,,"松村又一",,"服部良一",,"服部良一","ニットー","6440-A",,1934,,,,
"01","流行歌謡曲","糸のもつれ","浅草美ち奴",,,,,,,"ニットーオーケストラ",,,,"松村又一",,"服部良一",,"服部良一","ニットー","6440-B",,1934,"S1173-Aで再発売か？",,,
"06","映画主題歌","上海リル","唄川幸子",,,,,,,"N.O楽団",,,,"記載なし",,"記載なし",,"記載なし","ニットー","6382-A",,1934,"ワーナー映画『フットライトパレード』主題歌　
S1171-Bは再発売か？",,,
"06","映画主題歌","滝の傍にて","三上静雄",,,,,,,"N.O楽団",,,,"記載なし",,"記載なし",,"記載なし","ニットー","6382-B",,1934,"ワーナー映画『フットライトパレード』主題歌　",,,
"08","アメリカ民謡","ミネトンカの湖畔","ヘレン本田",,,,,,,"N.O楽団",,,,"服部龍太郎",,,,"篠原正雄","ニットー","6640-A",,1935,"S1171-Aで再発売か？",,,
"08","アメリカ民謡","最後の乱舞","服部逸郎","オリオン・コール",,,,,,"N.O楽団",,,,"妹尾幸陽",,,,"篠原正雄","ニットー","6640-B",,1935,,,,
"01","流行歌","磯千鳥","松平利夫",,,,,,,"N.O楽団",,,,"穂積久",,"草笛道朗",,"清田 茂","ニットー","6127-A",,1933,,,,
"01","流行歌","つきぬ名残り","由良和子",,,,,,,"N.O楽団",,,,"島田磬也",,"草笛道朗",,"清田 茂","ニットー","6127-B",,1933,,,,
"01","流行歌","北浜音頭","北陽梅金",,,,,,,"ニットーオーケストラ",,,,"山本槐一",,"阪東政一",,,"ニットー","6414-A",,1934,"大阪経済新聞社懸賞当選歌",,,
"01","流行歌","北浜小唄","黒田すすむ",,,,,,,"ニットーオーケストラ",,,,"富田砕花",,"宮原禎次",,,"ニットー","6414-B",,1934,"大阪経済新聞社発表　黒田すすむは楠木繁夫の別名",,,
"07","新訂尋常小学唱歌","瀬戸内海","宮下晴子(唄)","東京音楽学校教授 貫名美名彦(ピアノ)",,,,,,,,,,"記載なし",,"記載なし",,,"ニットー","6353-A",,1934,"文部省認定レコード　第六学年用
監督指導　東京音楽学校教授　澤崎定之　",,,
"07","新訂尋常小学唱歌","日本海海戦","宮下晴子(唄)","東京音楽学校教授 貫名美名彦(ピアノ)",,,,,,,,,,"記載なし",,"記載なし",,,"ニットー","6353-B",,1934,"文部省認定レコード　第六学年用
監督指導　東京音楽学校教授　澤崎定之　",,,
"07","唱歌","新鉄道唱歌","谷中雪子",,,,,,,"片岡正太郎(ハーモニカ)","小股 久(ピアノ)",,,,,,,,"ニットー","3726-A",,1929,,,,
"07","唱歌","旧鉄道唱歌","谷中雪子",,,,,,,"片岡正太郎(ハーモニカ)","小股 久(ピアノ)",,,,,,,,"ニットー","3726-B",,1929,,,,
"01","流行歌","さくらおけさ","浅草美ち奴",,,,,,,"ニットーオーケストラ",,,,"西岡水朗",,"服部良一",,"服部良一","ニットー","6385-A",,1934,"S1058-Aは再発売か？",,,
"01","流行歌","うららか音頭","浅草美ち奴","三上静雄","藤田不二子",,,,,"ニットーオーケストラ",,,,"野口征夫",,"服部良一",,"服部良一","ニットー","6385-B",,1934,"S1058-Bは再発売か？",,,
"01","流行歌謡曲","春は唄から","北陽梅金",,,,,,,"ニットーアンサンブル",,,,"西岡水朗",,"阪東政一",,"阪東政一","ニットー","6332-A",,1934,,,,
"01","流行歌謡曲","下田しぐれ(お吉恋しや)","北陽梅金",,,,,,,"ニットーアンサンブル",,,,"松坂なほみ",,"阪東政一",,"阪東政一","ニットー","6332-B",,1934,,,,
"01","流行歌","スキー歌","林 伊佐緒",,,,,,,"N.O楽団",,,,"青森県スキー連盟",,"服部良一",,"服部良一","ニットー","6693-A",,1935,,,,
"01","流行歌","スキー小唄","浅草美ち奴",,,,,,,"ニットーオーケストラ",,,,"青森県スキー連盟",,"服部良一",,"服部良一","ニットー","6693-B",,1935,,,,
"01","流行歌","やくざ子守唄","橋本一郎",,,,,,,"ニットー管弦楽団",,,,"野村俊夫",,"長津 弥",,"長津 弥","ニットー","20001-A",,"不詳","トロット",,,
"01","流行歌","さしこ頭巾","東京小花",,,,,,,"ニットー和洋楽団",,,,"荒牧輝鳳",,"宮脇春夫",,"宮脇春夫","ニットー","20001-B",,"不詳","トロット",,,
"01","流行青年節","悲恋の大和撫子","広田満須美",,,,,,,"ニットーオーケストラ",,,,"浦路耕之助",,"阪東政一",,"服部良一","ニットー","6668-A",,1935,,,,
"01","流行青年節","特別任務の唄","林 伊佐緒",,,,,,,"ニットーオーケストラ",,,,"浦路耕之助",,"水谷ひろし",,"服部良一","ニットー","6668-B",,1935,,,,
"01","流行歌","波浮の夕凪","東京小花",,,,,,,"ニットーオーケストラ",,,,"松村又一",,"服部良一",,"服部良一","ニットー","6643-A",,1935,,,,
"01","流行歌","渚の月影","林 伊佐緒",,,,,,,"ニットーオーケストラ",,,,"小沼 宏",,"記載なし",,"服部良一","ニットー","6643-B",,1935,,,,
"01","流行歌","陸戦隊の唄","林 伊佐緒",,,,,,,"N.O楽団",,,,"高峰龍雄",,"高峰龍雄",,"服部良一","ニットー","6566-A",,1934,,,,
"01","流行歌","空中戦士の唄","林 伊佐緒",,,,,,,"N.O楽団",,,,"松村又一",,"高峰龍雄",,"服部良一","ニットー","6566-B",,1934,,,,
"10","女子保健体操歌","日の本の少女","由利文子",,,,,,,"ニットー管弦楽団",,,,"蒲生俊文",,"藤田経秋",,"篠原正雄","ニットー","6461-A",,1934,,,,
"10","女子保健体操歌","日の本の少女","篠原正雄指揮","ニットー管弦楽団",,,,,,"ニットー管弦楽団",,,,"蒲生俊文",,"藤田経秋",,"篠原正雄","ニットー","6461-B",,1934,,,,
"01","流行歌謡曲","遠音の笛","藤田不二子",,,,,,,"N.O楽団",,,,"林 柳波",,"草笛道朗",,"草笛道朗","ニットー","6439-A",,1934,,,,
"01","流行歌謡曲","明日の空","由利文子",,,,,,,"N.O楽団",,,,"西岡水朗",,"田村しげる",,"田村しげる","ニットー","6439-B",,1934,,,,
"01","流行歌","行くか北満","浅草美ち奴",,,,,,,"ニットーオーケストラ",,,,"久保田宵二",,"水谷ひろし",,"服部良一","ニットー","6686-A",,1935,,,,
"01","流行歌","軍歌『戦友』","浅草美ち奴",,,,,,,"ニットーオーケストラ",,,,"真下飛泉",,"三善和気",,"服部良一","ニットー","6686-B",,1935,,,,
"10","讃仰譜","特別攻撃隊(上）","永田絃次郎(歌","和田信賢",,,,,,"キング合唱団","キング管弦楽団",,,"大政翼賛会宣伝部",,"佐藤長助",,,"キング",67032,5186,1942,"和田信賢はNHKアナウンサー　",,,
"10","讃仰譜","特別攻撃隊(下）","永田絃次郎(歌)","和田信賢",,,,,,"キング合唱団","キング管弦楽団",,,"大政翼賛会宣伝部",,"佐藤長助",,,"キング",67032,5187,1942,"和田信賢はNHKアナウンサー　",,,
"01","流行歌集","東海林太郎愛唱名曲集(上)","東海林太郎(歌)","静田錦波(解説)",,,,,,"キング管弦楽団",,,,"ｷﾝｸﾞﾚｺｰﾄﾞ編修部",,,,,"キング","K497-A",,1935,"鶴谷真太郎解説　　",,,
"01","流行歌集","東海林太郎愛唱名曲集(下)","東海林太郎(歌)","静田錦波(解説)",,,,,,"キング管弦楽団",,,,"ｷﾝｸﾞﾚｺｰﾄﾞ編修部",,,,,"キング","K497-B",,1935,"鶴谷真太郎解説　　",,,
"10","決戦賦","ハワイ撃滅（上）","竹脇昌作（語り）","小西信義（歌）",,,,,,"キング合唱団","キング管弦楽団",,,"大政翼賛会宣伝部",,,,"細川潤一","キング",67018,5117,1942,"竹脇昌作はNHKアナウンサー",,,
"10","決戦賦","ハワイ撃滅（下）","竹脇昌作（語り）","小西信義（歌）",,,,,,"キング合唱団","キング管弦楽団",,,"大政翼賛会宣伝部",,,,"細川潤一","キング",67018,5118,1942,"竹脇昌作はNHKアナウンサー",,,
"10","決戦賦","光みつる昭南島（上）","竹脇昌作（朗誦）",,,,,,,"キング合唱団","キング管弦楽団",,,"大政翼賛会宣伝部",,,,"島田逸平","キング",67031,5168,1942,"竹脇昌作はNHKアナウンサー",,,
"10","決戦賦","光みつる昭南島（下）","竹脇昌作（朗誦）",,,,,,,"キング合唱団","キング管弦楽団",,,"大政翼賛会宣伝部",,,,"島田逸平","キング",67031,5168,1942,"竹脇昌作はNHKアナウンサー",,,
"01","流行歌","岡 晴夫傑作集","岡 晴夫(歌)","北條龍美（解説）",,,,,,"キング管弦楽団",,,,,,,,,"キング","C266","判読できず",1948,"港に赤い灯がともる・東京の花売り娘・あこがれのハワイ航路",,,
"01","流行歌","岡 晴夫傑作集（一）","岡 晴夫(歌)","北條龍美（解説）",,,,,,"キング管弦楽団",,,,,,,,,"キング","C266",7283,1948,"港シャンソン・啼くな小鳩よ・青春のパラダイス",,,
"01","流行歌集","松島詩子傑作流行歌集（上）","松島詩子（歌）","静田錦波（解説）",,,,,,"キング管弦楽団",,,,"室町京之助（脚色）",,,,,"キング",30030,2745,1939,"マロニエの木蔭・お別れネ・ナイルの岸",,,
"01","流行歌集","松島詩子傑作流行歌集（下）","松島詩子（歌）","静田錦波（解説）",,,,,,"キング管弦楽団",,,,"室町京之助（脚色）",,,,,"キング",30030,2746,1939,"霧の上海・ふるさとの母・港は近いよ",,,
"03","家庭音楽","懐しき歌謡集（３）","長門美保・井口小夜子",,,,,,,"キング合唱団","キング管弦楽団",,,,,,,"篠原正雄","キング",57090,4894,1941,"日本子守唄・旅愁",,,
"04","家庭音楽","懐しき歌謡集（４）","長門美保",,,,,,,"キング合唱団","キング管弦楽団",,,,,,,"篠原正雄","キング",57090,4895,1941,"咲いた桜に・さくらさくら",,,
"01","歌謡曲","港の窓で","小夜宮孝子",,,,,,,"キング管弦楽団",,,,"高橋掬太郎",,"江口夜詩",,,"キング",334,6756,1948,,,,
"01","歌謡曲","サーカス娘","小畑 実",,,,,,,"キング管弦楽団",,,,"坂口 淳",,"島田逸平",,"飯田三郎","キング",334,6817,1948,,,,
"01","歌謡曲","おんな船頭唄","三橋美智也",,,,,,,"キング オーケストラ",,,,"藤間哲郎",,"山口俊郎",,,"キング","C-1164",10538,1955,,,,
"01","歌謡曲","逢初ブルース","照菊",,,,,,,"キング オーケストラ",,,,"矢野 亮",,"山口俊郎",,,"キング","C-1164",10567,1955,,,,
"01","流行歌","マロニエの木蔭","松島詩子",,,,,,,"キング管弦楽団",,,,"坂口 淳",,"細川潤一",,"細川潤一","キング",40031,516,1937,,,,
"01","流行歌","花売り娘の歌（ラ・ヴィオレテラ）","松島詩子",,,,,,,"キング管弦楽団",,,,"熱田房夫",,,,"杉井幸一","キング",40031,3563,1937,"映画『街の灯』主題歌、レーベルは流行歌",,,
"01","歌謡曲","銀座夜曲","松島詩子","林 伊佐緒",,,,,,"キング オーケストラ",,,,"矢野 亮",,"林 伊佐緒",,,"キング","C533",7501,1949,,,,
"01","歌謡曲","星かげの小径","小畑 実",,,,,,,"キング オーケストラ",,,,"矢野 亮",,"利根一郎",,,"キング","C533",7264,1949,,,,
"01","流行歌","夢でもいいから","三浦房子",,,,,,,"キング管弦楽団",,,,"小沼 宏",,"島田逸平",,"島田逸平","キング",10136,944,1937,,,,
"01","流行歌","若しも月給が上がったら","林 伊佐緒・新橋みどり",,,,,,,"キング管弦楽団",,,,"山野三郎",,"北村 輝",,"細川潤一","キング",10136,942,1937,"山野三郎はサトウハチローの変名",,,
"10","傑作集","戦力増強演芸歌謡大会（5）","奈美乃一郎(司会並びに声帯模写)
","三門 博","橋本きぬ子",,,,,"富士音盤管弦楽団",,,,"富士音盤文芸部（構成）",,,,,"富士音盤","と-344","８-5995",1944,"群青銀",,,
"10","傑作集","戦力増強演芸歌謡大会（6）","奈美乃一郎(司会並びに声帯模写)",,,,,,,"富士音盤管弦楽団",,,,"富士音盤文芸部（構成）",,,,,"富士音盤","と-344","８-5996",1944,"群青銀",,,
"10","傑作歌謡集","戦力増強演芸歌謡大会（7）","奈美乃一郎(司会並びに声帯模写)","筑波 高","三門順子",,,,,"富士音盤管弦楽団",,,,"富士音盤文芸部（構成）",,,,,"富士音盤","と-345","８-5997",1944,,,,
"10","傑作歌謡集","戦力増強演芸歌謡大会（8）","奈美乃一郎(司会並びに声帯模写)","林 伊佐緒",,,,,,"富士音盤管弦楽団",,,,"富士音盤文芸部（構成）",,,,,"富士音盤","と-345","８-5998",1944,,,,
"01","流行歌","上海□□□娘（上海の花売り娘？）","静田錦波（独唱）","岡 晴夫（独唱）","松島詩子（独唱）","夏目芙美子（独唱）",,,,"記載なし",,,,,,,,,"キング",46002,3643,"不詳","メドレー集か？室町京之助・宇賀神の名前あり",,,
"01","流行歌","上海□□□娘（上海の花売り娘？）","静田錦波（独唱）","岡 晴夫（独唱）","松島詩子（独唱）","夏目芙美子（独唱）",,,,"記載なし",,,,,,,,,"キング",46002,3644,"不詳","メドレー集か？室町京之助・宇賀神の名前あり",,,
"06","映画主題歌","綾子の唄","松島詩子",,,,,,,"キング管弦楽団",,,,"時雨音羽",,"中川栄三",,"中川栄三","キング",30074,3227,1939,"講談倶楽部連載・新興『海棠の歌』",,,
"06","映画主題歌","海棠の歌","林 伊佐緒",,,,,,,"キング管弦楽団",,,,"時雨音羽",,"島田逸平",,"島田逸平","キング",30074,3226,1939,"講談倶楽部連載・新興『海棠の歌』",,,
"06","映画主題歌","二人ゆく人生","樋口静雄","松島詩子",,,,,,"キング管弦楽団",,,,"時雨音羽",,"細川潤一",,,"キング",30073,"判読できず",1939,"新興『愛憎の書』",,,
"06","映画主題歌","愛のいばら路","筑波 高",,,,,,,"キング管弦楽団",,,,"時雨音羽",,"細川潤一",,,"キング",30073,"判読できず",1939,"新興『愛憎の書』",,,
"01","流行歌","若妻ごころ","松島詩子",,,,,,,"キング管弦楽団",,,,"佐藤惣之助",,"斉藤一郎",,,"キング",30104,"判読できず",1939,,,,
"01","流行歌","親鳩小鳩","岡 晴夫",,,,,,,"キング管弦楽団",,,,"判読できず",,"判読できず",,,"キング",30104,"判読できず",1939,,,,
"01","流行歌","半島夜曲","松島詩子",,,,,,,"キング管弦楽団",,,,"青戸隆幸",,"田村しげる",,,"キング",30024,2625,1939,"非売品",,,
"01","流行歌","吹雪","児玉好雄",,,,,,,"キング管弦楽団",,,,"内田つとむ",,"児玉好雄",,"篠原正雄","キング",30024,2760,1939,"非売品",,,
"03","独唱","故郷の廃家","長門美保",,,,,,,"キング管弦楽団",,,,"犬童球渓",,,,"杉山長谷雄","キング",30124,137,1939,,,,
"03","独唱","故郷の空","長門美保",,,,,,,"キング管弦楽団",,,,"犬童球渓",,,,"篠原正雄","キング",30124,1471,1939,,,,
"06","映画主題歌","女性の戦い","林 伊佐緒",,,,,,,"キング管弦楽団",,,,"佐藤惣之助",,"細川潤一",,"細川潤一","キング",30037,2873,1939,"婦人俱楽部連載　大映映画『女性の戦い』主題歌",,,
"06","映画主題歌","なおみの唄","松島詩子",,,,,,,"キング管弦楽団",,,,"佐藤惣之助",,"細川潤一",,"細川潤一","キング",30037,2874,1939,"婦人俱楽部連載　大映映画『女性の戦い』主題歌",,,
"01","流行歌","支那夜曲（君何日再来）","夏目芙美子",,,,,,,"キング管弦楽団",,,,"松村又一",,,,"杉井幸一","キング",30087,3148,1939,"『何日君再来』か？",,,
"01","流行歌","港シャンソン","岡 晴夫",,,,,,,"キング管弦楽団",,,,"内田つとむ",,"上原げんと",,"上原げんと","キング",30087,3188,1939,,,,
"03","独唱","宵待草","長門美保",,,,,,,"キング管弦楽団",,,,"竹久夢二",,"多 忠亮",,"杉山長谷雄","キング",30123,2029,1939,,,,
"03","独唱","庭の千草","長門美保",,,,,,,"キング管弦楽団",,,,,,,,"篠原正雄","キング",30123,1548,1939,,,,
"01","流行歌","故郷（くに）の新聞","塩 まさる",,,,,,,"キング管弦楽団",,,,"宮本旅人",,"細川潤一",,"細川潤一","キング",30009,2585,1939,,,,
"01","流行歌","月下の歩哨","松島詩子",,,,,,,"キング管弦楽団",,,,"加藤友十郎",,"島田逸平",,"島田逸平","キング",30009,2527,1939,,,,
"10","少国民愛国歌","日本よい国","小坂勝也","木村百合子","永井智英子","甲斐俊彦",,,,"キング管弦楽団",,,,"林 柳波",,"長妻完至",,"長妻完至","キング",20129,2303,1938,"体育舞踊振付",,,
"10","少国民愛国歌","日の丸萬歳","河村順子",,,,,,,"キング管弦楽団",,,,"与田準一",,"河村",,"河村","キング",20129,2303,1938,"体育舞踊振付　作曲者、編曲者河村判読できず",,,
"01","流行歌","青春のリズム","松島詩子",,,,,,,"キング管弦楽団",,,,"佐藤惣之助",,"佐藤長助",,"佐藤長助","キング",30102,3121,1939,,,,
"01","流行歌","空が呼ぶ山が呼ぶよ","林 伊佐緒","井口小夜子",,,,,,"キング管弦楽団",,,,"松村又一",,"島田逸平",,"島田逸平","キング",30102,3303,1939,,,,
"01","流行歌","黒き薔薇","松島詩子",,,,,,,"キング管弦楽団",,,,"熱田房夫",,"佐藤長助",,"佐藤長助","キング",30081,3161,1939,,,,
"01","流行歌","上海の波止場","林 伊佐緒",,,,,,,"キング管弦楽団",,,,"角田重勝",,"多紀英二",,"多紀英二","キング",30081,2714,1939,"多紀英二は林 伊佐緒の変名",,,
"01","流行歌","戦線花咲けど","樋口静雄",,,,,,,"キング管弦楽団",,,,"佐藤惣之助",,"佐藤長助",,"佐藤長助","キング",30034,2822,1939,,,,
"01","流行歌","暁の決死隊","三門順子",,,,,,,"キング管弦楽団",,,,"佐藤惣之助",,"細川潤一",,"細川潤一","キング",30034,2810,1939,,,,
"07","陸軍省撰定","愛馬進軍歌","永田絃次郎","長門美保",,,,,,"キング管弦楽団",,,,,,,,"篠原正雄","キング",30033,2864,1939,"文部省検定　作詞者、作曲者の記載なし",,,
"07","陸軍省撰定","愛馬行","児玉好雄","三門順子",,,,,,"キング管弦楽団",,,,,,,,"佐藤長助","キング",30033,2865,1939,"作詞者、作曲者の記載なし",,,
"01","流行歌","涙の責任","松島詩子（台詞入り）",,,,,,,"キング管弦楽団",,,,"時雨音羽",,"細川潤一",,"細川潤一","キング",30029,2773,1939,"婦人俱楽部連載『涙の責任』より",,,
"01","流行歌","人生の旅路","樋口静雄",,,,,,,"キング管弦楽団",,,,"時雨音羽",,"細川潤一",,"細川潤一","キング",30029,2691,1939,,,,
"06","映画主題歌","大人は知らない","井口小夜子",,,,,,,"キング管弦楽団",,,,"佐藤惣之助",,"細川潤一",,"細川潤一","キング",30085,3191,1939,"東和商事・独（ドイツ）ウファ映画『早春』",,,
"06","映画主題歌","早春","松島詩子",,,,,,,"キング管弦楽団",,,,"佐藤惣之助",,"細川潤一",,"細川潤一","キング",30085,3192,1939,"東和商事・独（ドイツ）ウファ映画『早春』",,,
"01","流行歌","母子馬車","筑波 高",,,,,,,"キング管弦楽団",,,,"田村和夫",,"多紀英二",,"多紀英二","キング",30125,3480,1939,"婦人俱楽部所載　多紀英二は林 伊佐緒の変名",,,
"01","流行歌","日の丸子守唄","三門順子",,,,,,,"キング管弦楽団",,,,"三木 淳",,"上原げんと",,"上原げんと","キング",30125,3536,1939,,,,
"07","陸軍省撰定歌","出征兵士を送る歌","永田絃次郎","長門美保",,,,,,"キング管弦楽団",,,,,,,,"篠原正雄","キング",38001,3650,1939,"大日本雄弁会講談社懸賞一等当選　
作詞者、作曲者の記載なし",,,
"07","陸軍省撰定歌","出征兵士を送る歌","樋口静雄","林 伊佐緒","児玉好雄","三門順子","井口小夜子","横山郁子",,"キング管弦楽団",,,,,,,,"篠原正雄","キング",38001,3651,1939,"大日本雄弁会講談社懸賞一等当選　
作詞者、作曲者の記載なし",,,
"01","流行歌","乙女十八","井口小夜子",,,,,,,"キング・サロン・オーケストラ",,,,"不破修一郎",,"細川潤一",,"細川潤一","キング",10014,54,1936,,,,
"01","流行歌","上海航路","林 伊佐緒・三浦房子",,,,,,,"キング・サロン・オーケストラ",,,,"佐藤惣之助",,"田村しげる",,"田村しげる","キング",10014,54,1936,,,,
"03","独唱","懐しのケンタッキー","永田絃次郎",,,,,,,"キング管弦楽団",,,,"茅野 敏（訳詞）",,"フォスター",,"杉井幸一","キング",30049,2790,1939,,,,
"03","独唱","ヴォルガの舟唄","永田絃次郎",,,,,,,"キング管弦楽団",,,,"門馬直衛（訳詞）",,"ロシア民謡",,"杉井幸一","キング",30049,2833,1939,,,,
"01","流行歌","男のいのち","筑波 高",,,,,,,"キング管弦楽団",,,,"松坂直美",,"多紀英二",,"多紀英二","キング",30110,3340,1939,"多紀英二は林 伊佐緒の変名",,,
"01","流行歌","北満花嫁便り","横山郁子",,,,,,,"キング管弦楽団",,,,"田村和夫",,"細川潤一",,"細川潤一","キング",30110,3367,1939,,,,
"01","流行歌","日の丸馬車","筑波 高",,,,,,,"キング管弦楽団",,,,"竹田 鴻",,"細川潤一",,"細川潤一","キング",30067,3044,1939,"懸賞一等当選歌",,,
"01","流行歌","戦場の母","岡 晴夫",,,,,,,"キング管弦楽団",,,,"松村又一",,"守木八郎",,"守木八郎","キング",30067,2918,1939,,,,
"01","流行歌","国境子守唄","樋口静雄",,,,,,,"キング管弦楽団",,,,"佐藤惣之助",,"佐和輝禮",,"細川潤一","キング",30097,3168,1939,,,,
"01","流行歌","娘船頭唄","三門順子",,,,,,,"キング管弦楽団",,,,"西岡水朗",,"通堂方一",,"島田逸平","キング",30097,2481,1939,,,,
"01","流行歌","蒙古の乙女","横山郁子",,,,,,,"キング管弦楽団",,,,"松村又一",,,,"杉井幸一","キング",30119,3347,1939,,,,
"01","流行歌","支那の花嫁","樋口静雄",,,,,,,"キング合唱団","キング管弦楽団",,,"佐藤惣之助",,"上原げんと",,"上原げんと","キング",30119,3430,1939,,,,
"06","映画主題歌","夢ならぬ恋","夏目芙美子",,,,,,,"キング管弦楽団",,,,"時雨音羽",,"中川栄三",,"中川栄三","キング",30126,3537,1939,"新興映画『夢ならぬ恋』主題歌",,,
"06","映画主題歌","男のゆく道","児玉好雄",,,,,,,"キング管弦楽団",,,,"時雨音羽",,"島田逸平",,"島田逸平","キング",30126,3529,1939,"新興映画『夢ならぬ恋』主題歌",,,
"01","流行歌","ふるさとの唄","林 伊佐緒",,,,,,,"宇川隆三（ギター伴奏）",,,,"坂口 淳",,"宇川隆三",,,"キング",30071,"判読できず",1939,,,,
"01","流行歌","雨のホノルル","松山映子",,,,,,,"キング管弦楽団",,,,"佐藤惣之助",,"細川潤一",,"細川潤一","キング",30071,2992,1939,"松山映子＝ミッキー松山",,,
"06","映画主題歌","愛染香","津村 謙",,,,,,,"キング オーケストラ",,,,"島村晴子","西條八十","上原げんと",,,"キング","C638",7943,1950,"婦人俱楽部連載・新東宝映画『愛染香』主題歌",,,
"06","映画主題歌","白バラの君","三條町子",,,,,,,"キング オーケストラ",,,,"高橋掬太郎",,"飯田三郎",,,"キング","C638",7965,1950,"婦人俱楽部連載・新東宝映画『愛染香』主題歌",,,
"06","映画主題歌","思い出のランプに灯を入れて","三條町子",,,,,,,"キング オーケストラ",,,,"矢野 亮",,"渡久地政信",,,"キング","C-1003",9647,1953,"大映映画『紅椿』主題歌",,,
"06","映画主題歌","紅椿の歌","津村 謙",,,,,,,"キング オーケストラ",,,,"高橋掬太郎",,"飯田三郎",,,"キング","C-1003",9616,1953,"大映映画『紅椿』主題歌",,,
"06","映画主題歌","純情の窓","松島詩子",,,,,,,"キング管弦楽団",,,,"時雨音羽",,,,"多紀英二","キング",92,4292,1946,"婦人俱楽部連載・大映映画『幾山河』主題歌
作曲者記載なし　多紀英二は林 伊佐緒の変名",,,
"06","映画主題歌","幾山河","林 伊佐緒","横山郁子",,,,,,"キング管弦楽団",,,,"時雨音羽",,,,"島田逸平","キング",92,4291,1946,"婦人俱楽部連載・大映映画『幾山河』主題歌
作曲者記載なし　多紀英二は林 伊佐緒の変名",,,
"06","映画主題歌","東京悲歌","三條町子",,,,,,,"キング オーケストラ",,,,"高橋掬太郎",,"飯田三郎",,,"キング","C754",8331,1951,"大映映画『東京悲歌』主題歌",,,
"06","映画主題歌","戯れならぬ恋ならば","林 伊佐緒",,,,,,,"キング オーケストラ",,,,"高橋掬太郎",,"飯田三郎",,,"キング","C754",8332,1951,"大映映画『東京悲歌』主題歌",,,
"01","歌謡曲","とんぼ返り人生","津村 謙",,,,,,,"キング オーケストラ",,,,"高橋掬太郎",,"渡久地政信",,,"キング","C785",8507,1952,,,,
"01","歌謡曲","母恋がらす","津村 謙",,,,,,,"キング オーケストラ",,,,"若杉雄三郎",,"渡久地政信",,,"キング","C785",8508,1952,,,,
"01","歌謡曲","涙の小鳩","岡 晴夫",,,,,,,"キング管弦楽団",,,,"高橋掬太郎",,"飯田三郎",,,"キング",333,6794,1948,,,,
"01","歌謡曲","椿咲く頃","横山郁子",,,,,,,"キング管弦楽団",,,,"高橋掬太郎",,"飯田三郎",,,"キング",333,6547,1948,,,,
"01","歌謡曲","母の歌","志磨光一",,,,,,,"キング管弦楽団",,,,"南條歌美",,"八洲秀章",,"細川潤一","キング",163,6508,1946,"志磨光一は八洲秀章の変名",,,
"01","歌謡曲","嘆きの小窓","宮城しのぶ",,,,,,,"キング管弦楽団",,,,"高橋掬太郎",,"飯田三郎",,,"キング",163,6491,1946,,,,
"01","歌謡曲","楽しい喫茶店","荒井恵子",,,,,,,"キング オーケストラ",,,,"石田喜代夫",,"石田喜代夫",,"細川潤一","キング","C843",8320,1952,,,,
"01","歌謡曲","三つの歌","越山あつ子（歌）","天池真佐雄（ピアノ）","キングシスターズ","キング児童合唱団",,,,"キング オーケストラ",,,,"天池真佐雄",,"天池真佐雄",,"細川潤一","キング","C843",8821,1952,"レーベルの写真は荒井恵子",,,
"01","歌謡曲","恋のトランプ","小夜宮孝子",,,,,,,"キング管弦楽団",,,,"南條歌美",,"大村能章",,,"キング",272,6749,1947,,,,
"01","歌謡曲","男の涙","岡 晴夫",,,,,,,"キング管弦楽団",,,,"高橋掬太郎",,"細川潤一",,,"キング",272,6752,1947,,,,
"06","映画主題歌","お七かんざし","三門順子",,,,,,,"キング管弦楽団",,,,"高橋掬太郎",,"光永翰史",,"大村能章","キング","C-386",7026,1948,"新演伎座プロダクション第一回作品
長谷川一夫主演『小判鮫』主題歌",,,
"06","映画主題歌","小判鮫の歌","小畑 実",,,,,,,"キング管弦楽団",,,,"高橋掬太郎",,"大村能章",,,"キング","C-386",7025,1948,"新演伎座プロダクション第一回作品
長谷川一夫主演『小判鮫』主題歌",,,
"06","映画主題歌","後追い笠","津村 謙・照菊",,,,,,,"キング オーケストラ",,,,"高橋掬太郎",,"細川潤一",,,"キング","C414",7119,1949,"松竹映画『遊侠の群れ』主題歌",,,
"06","映画主題歌","遊侠の群れ","小畑 実",,,,,,,"キング オーケストラ",,,,"高橋掬太郎",,"利根一郎",,,"キング","C414",7100,1949,"松竹映画『遊侠の群れ』主題歌",,,
"01","流行歌","長江の月","樋口静雄",,,,,,,"キング管弦楽団",,,,"林 柳波",,"佐藤長助",,,"キング",20078,1910,1938,,,,
"01","流行歌","赤城月夜","塩 まさる",,,,,,,"キング管弦楽団",,,,"時雨音羽",,"大村能章",,"大村能章","キング",20078,1204,1938,,,,
"01","流行歌","軍国綴方教室","樋口静雄",,,,,,,"キング管弦楽団",,,,"宮本旅人",,"田村しげる",,"田村しげる","キング",20160,2580,1938,,,,
"01","流行歌","高粱焚いて","塩 まさる",,,,,,,"キング管弦楽団",,,,"宮本旅人",,"毛利清美",,"毛利清美","キング",20160,2597,1938,,,,
"08","ダンス・ミュージック","串本節","サクライ・イ・ス・オルケスタ",,,,,,,,,,,,,,,"桜井 潔","キング",10141,846,1937,"ルンバ",,,
"01","ダンス・ミュージック","山は夕焼け","サクライ・イ・ス・オルケスタ",,,,,,,,,,,,,"田村しげる",,"桜井 潔","キング",10141,847,1937,"タンゴ",,,
"01","流行歌","チンライ節","樋口静雄",,,,,,,"キング管弦楽団",,,,"時雨音羽",,"田村しげる",,"田村しげる","キング",20124,2227,1938,"非売品　ヒット曲のカップリング",,,
"01","流行歌","ガーデンブリッジの月","松島詩子",,,,,,,"キング管弦楽団",,,,"佐藤惣之助",,"田村しげる",,"田村しげる","キング",20122,2282,1938,"非売品　ヒット曲のカップリング",,,
"07","軍歌","日本名作軍歌集（其の一）日本陸軍
天に代わりて不義を討つ","陸軍戸山軍楽隊",,,,,,,,,,,"大和田建樹",,"判読できず",,,"キング",21031,1800,1938,"指揮者名判読できず　",,,
"07","軍歌","日本名作軍歌集（其の二）婦人従軍歌
火筒に響き遠ざかる","キング女子愛国合唱団",,,,,,,"キング管弦楽団",,,,"加藤義清",,"奥 好義",,"杉山長谷雄","キング",21031,1425,1938,,,,
"01","愛国流行歌","母子船頭唄","塩 まさる",,,,,,,"キング管弦楽団",,,,"佐藤惣之助",,"細川潤一",,"細川潤一","キング",20153,2337,1938,,,,
"01","愛国流行歌","曠野の夕陽","新橋みどり",,,,,,,"キング管弦楽団",,,,"林 柳波",,"島田逸平",,"島田逸平","キング",20153,2493,1938,,,,
"01","流行歌","上海超特急","林 伊佐緒",,,,,,,"キング管弦楽団",,,,"佐藤惣之助",,"田村しげる",,"田村しげる","キング",20122,2245,1938,,,,
"01","流行歌","ガーデンブリッジの月","松島詩子",,,,,,,"キング管弦楽団",,,,"佐藤惣之助",,"田村しげる",,"田村しげる","キング",20122,2282,1938,,,,
"07","国民歌","愛国行進曲","永田絃次郎","長門美保",,,,,,"キング管弦楽団",,,,,,,,"杉山長谷雄","キング",21100,1831,1938,"内閣情報部撰定　作詞者、作曲者の記載なし",,,
"07","国民歌","愛国行進曲","陸軍軍楽隊","指揮　楽長　山口常光",,,,,,,,,,,,,,,"キング",21100,1830,1938,"内閣情報部撰定　",,,
"01","流行歌","戦地の便り","新橋みどり",,,,,,,"キング管弦楽団",,,,"鹿山鶯邨",,"近藤 広",,"細川潤一","キング",20123,1493,1938,,,,
"01","流行歌","黄河に歌う","塩 まさる",,,,,,,"キング管弦楽団",,,,"西岡水朗",,"通堂方一",,"佐藤長助","キング",20123,2212,1938,,,,
"01","流行歌","青春の曲","塩 まさる",,,,,,,"キング管弦楽団",,,,"時雨音羽",,"仙波 進",,"多紀英二","キング",20087,1892,1938,"多紀英二は林 伊佐緒の変名",,,
"01","流行歌","口笛も愛国行進曲で","林 伊佐緒","樋口静雄",,,,,,"キング管弦楽団",,,,"山野三郎",,"北村 輝",,"北村 輝","キング",20087,2044,1938,,,,
"04","ジャズソング","春が来るそな","ミッキー松山",,,,,,,"キング・ジャズバンド",,,,"小原信夫",,"北村季俊",,"北村季俊","キング",10069,557,1937,"タンゴ　ミッキー松山と松山映子は同一人物",,,
"04","ジャズソング","恋の騎士","杉井幸一",,,,,,,"キング・ジャズバンド",,,,"北村季俊",,,,"工藤 進","キング",10069,543,1937,"フォックストロット",,,
"01","流行歌","春の戦線","三門順子",,,,,,,"キング管弦楽団",,,,"坂口 淳",,"松平正文",,"多紀英二","キング",20054,1721,1938,,,,
"01","流行歌","勇士は朗らか","塩 まさる",,,,,,,"キング管弦楽団",,,,"佐藤惣之助",,"斎藤 潔",,"佐藤長助","キング",20054,,1938,,,,
"01","舞踏小唄","菖蒲流し　花歌謡十二ヶ月（五月）","新橋みどり（唄）",,,,,,,"キング和洋合奏団",,,,"佐藤惣之助",,"大村能章",,,"キング",10099,730,1937,,,,
"01","舞踏小唄","祇園絵日傘　花歌謡十二ヶ月（五月）","三門順子（唄）",,,,,,,"キング和洋合奏団",,,,"林 柳波",,"大村能章",,,"キング",10099,"判読できず",1937,,,,
"01","流行歌","坊やと二人で","新橋みどり",,,,,,,"キング管弦楽団",,,,"坂口 淳",,"倉若晴生",,"細川潤一","キング",20102,1987,1938,,,,
"01","流行歌","僕の父さん","塩 まさる",,,,,,,"キング管弦楽団",,,,"佐藤惣之助",,"細川潤一",,"細川潤一","キング",20102,2069,1938,,,,
"01","流行歌","戦地から故郷から","塩 まさる","新橋みどり",,,,,,"キング管弦楽団",,,,"小沼 宏",,"和田 健",,"和田 健","キング",20020,1389,1937,,,,
"01","流行歌","月下の吟詠","塩 まさる",,,,,,,"キング管弦楽団",,,,"佐藤惣之助",,"細川潤一",,"細川潤一","キング",20020,1422,1937,,,,
"01","流行歌","祇園恋しや","三門順子",,,,,,,"キング管弦楽団",,,,"長田幹彦",,"杉山長谷雄",,"杉山長谷雄","キング",20080,612,1938,,,,
"01","流行歌","さくら娘","三門順子",,,,,,,"キング管弦楽団",,,,"長田幹彦",,"大村能章",,"大村能章","キング",20080,1809,1938,,,,
"01","流行歌","勝利のつばさ","樋口静雄",,,,,,,"キング管弦楽団",,,,"時雨音羽",,"田村しげる",,"田村しげる","キング",20050,1625,1938,,,,
"01","流行歌","叫べ万歳","林 伊佐緒","松島詩子","樋口静雄","井口小夜子","河村順子","河村陽子","他","キング管弦楽団",,,,"山野三郎",,"細川潤一",,"細川潤一","キング",20050,1736,1938,"山野三郎はサトウハチローの変名",,,
"01","舞踏小唄","狸囃子　花歌謡十二ヶ月（十一月）","三門順子",,,,,,,"キング和洋合奏団",,,,"佐藤惣之助",,"河村直則",,"河村直則","キング",20023,1451,1937,,,,
"01","舞踏小唄","七五三踊　花歌謡十二ヶ月（十一月）","三門順子","河村陽子","高城日出子",,,,,"キング和洋合奏団",,,,"佐藤惣之助",,"大村能章",,"大村能章","キング",20023,1452,1937,,,,
"03","独唱","叱られて","永田絃次郎",,,,,,,"キング管弦楽団",,,,"清水かつら",,"弘田龍太郎",,"杉山長谷雄","キング",20077,1880,1938,,,,
"03","独唱","花嫁人形","松島詩子",,,,,,,"キング管弦楽団",,,,"蕗谷虹児",,"杉山長谷雄",,"杉山長谷雄","キング",20077,1801,1938,,,,
"01","流行歌","あああの軍歌","林 伊佐緒",,,,,,,"キング管弦楽団",,,,"山野三郎",,"田村しげる",,"田村しげる","キング",20142,2411,1938,"山野三郎はサトウハチローの変名",,,
"01","流行歌","転戦回顧","塩 まさる",,,,,,,"キング管弦楽団",,,,"佐藤惣之助",,"細川潤一",,"細川潤一","キング",20142,1677,1938,,,,
"04","ジャズソング","慕わしの君","松島詩子",,,,,,,"キング・ジャズバンド",,,,"松村又一",,,,"井田一郎","キング",10033,250,1937,,,,
"08","ジャズソング","八木節ルムバ","林 伊佐緒・キングコーラス団",,,,,,,"キング・ジャズバンド",,,,"松村又一",,"島田逸平",,"島田逸平","キング",10033,372,1937,,,,
"01","愛国流行歌","日本男児の歌","塩 まさる",,,,,,,"キング管弦楽団",,,,"時雨音羽",,"杉山長谷雄",,"杉山長谷雄","キング",20141,1876,1938,,,,
"01","愛国流行歌","大日本行進曲","松島詩子","樋口静雄",,,,,,"キング管弦楽団",,,,"西元静雄",,"杉山長谷雄",,"杉山長谷雄","キング",20141,2416,1938,,,,
"01","流行歌","チンライ節","樋口静雄",,,,,,,"キング管弦楽団",,,,"時雨音羽",,"田村しげる",,"田村しげる","キング",20124,2227,1938,,,,
"01","流行歌","妾しゃ南京支那娘","ミッキー松山",,,,,,,"キング管弦楽団",,,,"松坂直美",,"島田逸平",,"判読できず","キング",20124,"判読できず",1938,"ミッキー松山＝松山映子",,,
"01","流行歌","蕾頃から","東海林太郎",,,,,,,"キング管弦楽団",,,,"時雨音羽",,"大村能章",,,"キング","K469-A",,1935,,,,
"01","流行歌","花は散っても","日本橋きみ栄",,,,,,,"キング和洋合奏団",,,,"林 柳波",,"大村能章",,,"キング","K469-B",,1935,,,,
"08","新民謡","マドロス小唄","淡谷のり子（歌）",,,,,,,"国民交響管弦楽団","指揮　小松平五郎",,,"横沢千秋",,"小松平五郎",,,"キング","K7-A",,1931,,,,
"08","新民謡","おいら国さで","鈴木今子",,,,,,,"鈴木正一（ピアノ）","福田蘭堂（尺八）","林田美蘭（尺八）",,"神原 操",,"福田蘭堂",,,"キング","K7-B",,1931,,,,
"06","映画主題歌","薩摩隼人の唄","東海林太郎",,,,,,,"キング管弦楽団",,,,"佐藤惣之助",,"大村能章",,,"キング","K490-A",,1935,"新興映画『薩摩隼人』主題歌",,,
"06","映画主題歌","稚児桜","日本橋きみ栄",,,,,,,"キング管弦楽団",,,,"佐藤惣之助",,"大村能章",,,"キング","K490-B",,1935,"新興映画『薩摩隼人』主題歌",,,
"06","映画主題歌","家なき児","東海林太郎（唄）",,,,,,,"キング・サロン・オーケストラ",,,,"時雨音羽",,"田村しげる",,,"キング","K489-A",,1935,"仏(フランス)P.B映画『家なき児』主題歌、表記は流行歌
",,,
"06","映画主題歌","ナポリ恋しや","松島詩子(唄）",,,,,,,"キング・サロン・オーケストラ",,,,"時雨音羽",,"田村しげる",,,"キング","K489-B",,1935,"仏(フランス)P.B映画『家なき児』主題歌、表記は流行歌
",,,
"01","流行歌","三原は晴れて","春山一夫（唄）",,,,,,,"キング・サロン・オーケストラ",,,,"浜野耕一",,"竹岡信幸",,,"キング","K233-A",,1933,,,,
"01","流行歌","街はほほえむ","弥生ひばり",,,,,,,"キング・サロン・オーケストラ",,,,"高橋掬太郎",,"竹岡信幸",,,"キング","K233-B",,1933,,,,
"01","流行歌","おもいでの柳","弥生ひばり",,,,,,,"キング・サロン・オーケストラ",,,,"西條八十",,"田村しげる",,,"キング","K257-A",,1933,,,,
"01","流行歌","旅の朝霧","東海林太郎",,,,,,,"キング・サロン・オーケストラ",,,,"西條八十",,"田村しげる",,,"キング","K257-B",,1933,,,,
"01","流行歌","旅の磯千鳥","東海林太郎",,,,,,,"キング管弦楽団",,,,"山田せんし",,"竹岡信幸",,,"キング","K290-A",,1933,,,,
"01","流行歌","窓は九十九","渡辺光子",,,,,,,"キング管弦楽団",,,,"判読できず",,"竹岡信幸",,,"キング","K290-B",,1933,,,,
"06","映画主題歌","別れの花束","春山一夫",,,,,,,"キング管弦楽団",,,,"時雨音羽",,"江口夜詩",,,"キング","K192-A",,1932,"映画題名の記載なし",,,
"06","映画主題歌","君を夢見て","渡瀬春枝",,,,,,,"キング管弦楽団",,,,"時雨音羽",,"江口夜詩",,,"キング","K192-B",,1932,"映画題名の記載なし　渡瀬春枝は渡辺光子の別名",,,
"01","流行歌","夢の龍膽(りんどう)","東海林太郎",,,,,,,"キング・サロン・オーケストラ",,,,"久米正雄",,"田村しげる",,,"キング","K282-A",,1933,,,,
"01","流行歌","めぐり逢わねば","渡辺光子",,,,,,,"キング・サロン・オーケストラ",,,,"久米正雄",,"田村しげる",,,"キング","K282-B",,1933,,,,
"10","青年歌","われ等は若人","内田栄一",,,,,,,"金の鈴オーケストラ",,,,"君塚紫楼",,"堀内敬三",,,"キング","K9-A",,1931,,,,
"01","歌謡曲","白い野茨","吉田満喜子",,,,,,,"町田嘉章(三絃)","久本玄智(箏)","福田蘭堂(尺八)",,"塩谷紀美代",,"町田嘉章",,,"キング","K9-B",,1931,,,,
"01","流行歌","出船の夜","渡辺光子",,,,,,,"キング・サロン・オーケストラ",,,,"畑 喜代司",,"入江利彦",,,"キング","K260-A",,1933,,,,
"01","流行歌","高原に唄う","東海林太郎",,,,,,,"キング・サロン・オーケストラ",,,,"畑 喜代司",,"入江利彦",,,"キング","K260-B",,1933,,,,
"08","新民謡","霧(新追分節)","三島一声",,,,,,,"福田蘭堂(尺八)",,,,"泉 漾太郎",,"福田蘭堂",,,"キング","K34-A",,1931,,,,
"08","新民謡","楽しい此世(この世)","朝居丸子(唄)",,,,,,,"キング和洋合奏団",,,,"白鳥省吾",,"福田蘭堂",,,"キング","K34-B",,1931,,,,
"01","流行歌","椿咲く島","松平不二男",,,,,,,"キング・マンドリン・オーケストラ",,,,"鹿山映二郎",,"竹岡信幸",,,"キング","K208-A",,1933,,,,
"01","流行歌","君はほほえむ","渡瀬春枝",,,,,,,"キング・マンドリン・オーケストラ",,,,"鹿山映二郎",,"竹岡信幸",,,"キング","K208-B",,1933,"渡瀬春枝は渡辺光子の別名",,,
"01","歌謡曲","渋茶あなたに","照菊",,,,,,,"キング オーケストラ",,,,"矢吹 光",,"真木 陽",,,"キング","C-1411",12017,1957,,,,
"01","歌謡曲","おとこ三味線","三橋美智也",,,,,,,"豊吉(三味線)","豊藤(三味線)","豊寿(三味線)","キング オーケストラ","山崎 正",,"中野忠晴",,"上野正雄","キング","C-1411",12010,1957,,,,
"06","映画主題歌","ここに幸あり","大津美子",,,,,,,"キング オーケストラ",,,,"高橋掬太郎",,"飯田三郎",,,"キング","C-1321",11499,1959,"松竹映画『ここに幸あり』主題歌",,,
"06","映画主題歌","男の愛情","若原一郎",,,,,,,"キング オーケストラ",,,,"高橋掬太郎",,"飯田三郎",,,"キング","C-1321",11498,1959,"松竹映画『ここに幸あり』主題歌",,,
"01","歌謡曲","赤いランプの貨物船","岡 晴夫",,,,,,,"キング オーケストラ",,,,"宗像 宏",,"宗像 宏",,"横川達夫","キング","C 759",8424,1951,"宗像 宏は岡 晴夫の別名",,,
"01","歌謡曲","東京・神戸・長崎","岡 晴夫",,,,,,,"キング オーケストラ",,,,"宗像 宏",,"宗像 宏",,"横川達夫","キング","C 759",8423,1951,"宗像 宏は岡 晴夫の別名",,,
"04","記載なし","ウスクダラ(トルコ譚)
USUDARA‐A TURKISH　TALE","江利チエミ",,,,,,,"原信夫とシャープス・アンド・フラッツ",,,,"音羽たかし",,,,"村山芳男","キング","CL-160",10246,1954,,,,
"04","記載なし","夢みるあの人
THE MAN UPSTAIRS","江利チエミ",,,,,,,"原信夫とシャープス・アンド・フラッツ",,,,"音羽たかし",,"Stanley-Morgan‐Manners",,"村山芳男","キング","CL-160",10246,1954,,,,
"01","歌謡曲","ああ川中島","斎藤京子",,,,,,,"キング オーケストラ",,,,"藤間哲郎",,"山口俊郎",,,"キング","C-1462",12239,1957,,,,
"01","歌謡曲","うきよ船頭","春日八郎（唄）
","豊吉（三味線）","豊静（三味線）",,,,,"キング オーケストラ",,,,"横井 弘",,"飯田三郎",,,"キング","C-1462",12316,1957,,,,
"01","歌謡曲","口笛マンボ","若原一郎",,,,,,,"キング オーケストラ",,,,"矢野 亮",,"中野忠晴",,"上野正雄","キング","C-1257",11105,1955,,,,
"01","歌謡曲","船乗りさんなら","大津美子",,,,,,,"キング オーケストラ",,,,"東條寿三郎",,"吉田矢健治",,,"キング","C-1257",11101,1955,,,,
"01","歌謡曲","お富さん","春日八郎",,,,,,,"キング オーケストラ",,,,"山崎 正",,"渡久地政信",,,"キング","C-1086",10071,1954,,,,
"01","歌謡曲","生命をかけた恋ならば","照菊",,,,,,,"キング オーケストラ",,,,"高橋掬太郎",,"江口夜詩",,,"キング","C-1086",9810,1954,,,,
"01","歌謡曲","長崎の花売娘","岡 晴夫",,,,,,,"キング オーケストラ",,,,"松村又一",,"上原げんと",,,"キング","C 603",7816,1950,,,,
"01","歌謡曲","オランダ坂の夜は更けて","後藤良子",,,,,,,"キング オーケストラ",,,,"石本美由起",,"上原げんと",,,"キング","C 603",7670,1950,,,,
"01","歌謡曲","城ヶ島の舟唄","若原一郎",,,,,,,"キング オーケストラ",,,,"松村又一",,"細川潤一",,,"キング","C 675",8121,1951,,,,
"01","歌謡曲","琉球の夜","久保瀧江",,,,,,,"キング オーケストラ",,,,"若杉雄三郎",,"江口夜詩",,,"キング","C 675",8120,1951,,,,
"01","歌謡曲","チエミの花売娘","江利チエミ",,,,,,,"キング オーケストラ",,,,"高橋掬太郎",,"飯田三郎",,,"キング","C 875",8993,1953,,,,
"01","歌謡曲","東京ワルツ","江利チエミ",,,,,,,"キング オーケストラ",,,,"江口夜詩",,"江口夜詩",,,"キング","C 875",9005,1953,,,,
"06","映画主題歌","マドロスの唄","岡 晴夫",,,,,,,"キング オーケストラ",,,,"松村又一",,"上原げんと",,,"キング","C-519",7551,1949,"NCS映画『マドロスの唄』主題歌",,,
"06","映画主題歌","アンコ可愛や","岡 晴夫",,,,,,,"キング オーケストラ",,,,"松村又一",,"上原げんと",,,"キング","C-519",7552,1949,"NCS映画『マドロスの唄』主題歌",,,
"01","歌謡曲","おどり浴衣で","東海林太郎","照菊","キング合唱団",,,,,"キング オーケストラ",,,,"高橋掬太郎",,"大村能章",,,"キング","C-595",7805,1950,,,,
"01","歌謡曲","東京ボンダンス","林 伊佐緒","三條町子",,,,,,"キング オーケストラ",,,,"若杉雄三郎",,"上原げんと",,,"キング","C-595",7808,1950,,,,
"01","歌謡曲","夜更けの酒場","三船 浩",,,,,,,"キング オーケストラ",,,,"高橋掬太郎",,"山口俊郎",,,"キング","C-1413",12033,1957,,,,
"01","歌謡曲","あの日あの頃","石井千恵",,,,,,,"キング オーケストラ",,,,"東條寿三郎",,"吉田矢健治",,,"キング","C-1413",11977,1935,,,,
"01","歌謡曲","男ぢゃないか取的さん","照菊",,,,,,,"キング オーケストラ",,,,"高橋掬太郎",,"飯田三郎",,,"キング","C-1437",12167,1957,"長谷川 伸原作『一本刀土俵入』より",,,
"01","歌謡曲","一本刀土俵入り","三橋美智也",,,,,,,"キング オーケストラ",,,,"高橋掬太郎",,"細川潤一",,,"キング","C-1437",12207,1957,"長谷川 伸原作『一本刀土俵入』より",,,
"01","歌謡曲","岐阜情歌","照菊","春日八郎","キングシスターズ",,,,,"豊吉（三味線）","豊静（三味線）","キング オーケストラ",,"邦枝完二",,"江口夜詩",,,"キング","N 199","N9931","不詳",,,,
"01","歌謡曲","長良小唄","照菊","春日八郎","キングシスターズ",,,,,"豊吉（三味線）","豊静（三味線）","キング オーケストラ",,"巌谷小波
久保田金僊",,"早川弥左衛門",,"山口俊郎","キング","N 199","N9932","不詳",,,,
"01","歌謡曲","唐人エレジー","岡 晴夫",,,,,,,"キング オーケストラ",,,,"若杉雄三郎",,"江口夜詩",,,"キング","C 846",8878,1952,,,,
"01","歌謡曲","流れの果ての港町","岡 晴夫",,,,,,,"キング オーケストラ",,,,"若杉雄三郎",,"江口夜詩",,,"キング","C 846",8877,1952,,,,
"06","映画主題歌","嘆きの白菊","三門順子",,,,,,,"キング オーケストラ",,,,"田村泰次郎",,"利根一郎",,,"キング","C 518",7536,1949,"松竹映画『白夜行路』主題歌",,,
"06","映画主題歌","白夜行路","津村 謙",,,,,,,"キング オーケストラ",,,,"田村泰次郎",,"利根一郎",,,"キング","C 518",7535,1949,"松竹映画『白夜行路』主題歌",,,
"01","歌謡曲","あこがれの船出","瀬川 伸","キングシスターズ",,,,,,"キング オーケストラ",,,,"石本美由起",,"上原げんと",,,"キング","C 566",7618,1950,,,,
"01","歌謡曲","女　判読できず","判読できず",,,,,,,"キング オーケストラ",,,,"判読できず",,"判読できず",,,"キング","C 566",7618,1950,,,,
"01","舞踏小唄","源氏物語","三門順子",,,,,,,"米川敏子（琴）","キング オーケストラ",,,"高橋掬太郎",,"大村能章",,,"キング","C 807","8614A",1952,,,,
"01","舞踏小唄","花見道成寺","三門順子",,,,,,,"豊文（三味線）","豊若（三味線）","福原社中（鳴物）","キング オーケストラ","高橋掬太郎",,"大村能章",,,"キング","C 807",8613,1952,,,,
"01","歌謡曲","街の椿姫","津村 謙",,,,,,,"キング オーケストラ",,,,"東條寿三郎",,"渡久地政信",,,"キング","C-912",9114,1953,,,,
"01","歌謡曲","船の灯りが暗いから","佐藤千枝子",,,,,,,"キング オーケストラ",,,,"東條寿三郎",,"吉田矢健治",,,"キング","C-912",9110,1953,,,,
"01","記載なし","岐阜城音頭","三橋美智也","照菊",,,,,,"豊吉（三味線）","豊寿（三味線）","キング オーケストラ",,"田口由美","高橋掬太郎","江口夜詩",,"西川松京（振付）","キング","N-252","N1.1668","不詳","岐阜タイムズ撰定",,,
"01","記載なし","長良川エレジー","春日八郎",,,,,,,"キング オーケストラ",,,,"高橋掬太郎",,"江口夜詩",,,"キング","N-252","N1.1667","不詳","岐阜タイムズ撰定",,,
"01","記載なし","西大寺音頭","林 伊佐緒","照菊","キング合唱団",,,,,"キング オーケストラ",,,,"河西新太郎","松村又一","大村能章",,,"キング","N 99","N8067","不詳",,,,
"01","記載なし","西大寺ブルース","三條町子",,,,,,,"キング オーケストラ",,,,"松村又一",,"飯田三郎",,,"キング","N 99","N8068","不詳",,,,
"01","歌謡曲","二度と呼ぶまい","岡 晴夫",,,,,,,"キング管弦楽団",,,,"高橋掬太郎",,"上原げんと",,,"キング",269,6753,1947,,,,
"01","歌謡曲","せつないブギウギ","小夜宮孝子",,,,,,,"キング管弦楽団",,,,"高橋掬太郎",,"島田逸平",,,"キング",269,6754,1947,,,,
"01","歌謡曲","ボンゴの踊り子","大路はるみ",,,,,,,"キング オーケストラ",,,,"矢野 亮",,"渡久地政信",,,"キング","C-1084",9934,1954,,,,
"01","歌謡曲","染やの助はん","大路はるみ",,,,,,,"キング オーケストラ",,,,"東條寿三郎",,"渡久地政信",,,"キング","C-1084",10020,1954,,,,
"01","歌謡曲","山寺ルンバ","大路はるみ",,,,,,,"キング オーケストラ",,,,"横井 弘",,"山口俊郎",,,"キング","C-1194",10221,1955,,,,
"01","歌謡曲","振袖ワルツ","大路はるみ",,,,,,,"キング オーケストラ",,,,"高橋掬太郎",,"山口俊郎",,,"キング","C-1194",10740,1955,,,,
"06","映画主題歌","雪之丞変化","春日八郎",,,,,,,"豊吉（三味線）","豊藤（三味線）","キング オーケストラ",,"高橋掬太郎",,"細川潤一",,,"キング","C-1068",9976,1954,"東映映画『雪之丞変化』主題歌",,,
"06","映画主題歌","お初仇なさけ","照菊",,,,,,,"豊吉（三味線）","豊藤（三味線）","キング オーケストラ",,"高橋掬太郎",,"細川潤一",,,"キング","C-1068",9977,1954,"東映映画『雪之丞変化』主題歌",,,
"01","歌謡曲","小島の灯り","若原一郎",,,,,,,"キング オーケストラ",,,,"東条寿三郎",,"吉田矢健治",,,"キング","C-1441",12181,1957,,,,
"01","歌謡曲","花も浮世も","石井千恵",,,,,,,"キング オーケストラ",,,,"東条寿三郎",,"鎌多俊与",,,"キング","C-1441",12149,1957,,,,
"01","歌謡曲","お祭りバイヨン","大路はるみ",,,,,,,"キング オーケストラ",,,,"横井 弘",,"中野忠晴",,"田島 篤","キング","C-1087",10026,1954,,,,
"01","歌謡曲","さすらいの乙女鳥","大路はるみ",,,,,,,"キング オーケストラ",,,,"矢野 亮",,"吉田矢健治",,,"キング","C-1087","9930A",1954,,,,
"01","歌謡曲","そよ風と赤いリボン","近江俊郎",,,,,,,"記載なし",,,,"記載なし",,"記載なし",,,"キング","C 907",9128,1953,,,,
"01","歌謡曲","男はひとり泣くものを","近江俊郎",,,,,,,"記載なし",,,,"記載なし",,"記載なし",,,"キング","C 907",9123,1953,,,,
"01","歌謡曲","流れの母子鳥（おやこどり）","松島詩子","小谷和子",,,,,,"キング オーケストラ",,,,"高橋掬太郎",,"細川潤一",,,"キング","C 798",8522,1952,,,,
"01","歌謡曲","恋のバラライカ","津村 謙",,,,,,,"キング オーケストラ",,,,"松村又一",,"細川潤一",,,"キング","C 798",8459,1952,,,,
"01","歌謡曲","別れの港町","津村 謙",,,,,,,"キング オーケストラ",,,,"高橋陽一",,"細川潤一",,,"キング","C 941",9259,1953,,,,
"01","歌謡曲","君を偲びて","音羽美子",,,,,,,"キング オーケストラ",,,,"藤間哲郎",,"細川潤一",,,"キング","C 941",9101,1953,,,,
"10","記載なし","世紀の若人","長門美保",,,,,,,"キング管弦楽団",,,,"読売新聞社選",,"林 伊佐緒",,"篠原正雄","キング",57066,4765,1941,"大日本少年団制定歌",,,
"10","記載なし","世紀の若人","永田絃次郎",,,,,,,"キング管弦楽団",,,,"読売新聞社選",,"林 伊佐緒",,"篠原正雄","キング",57066,4754,1941,"大日本少年団制定歌",,,
"10","国民歌","大政翼賛の歌","永田絃次郎","長門美保","キング合唱団",,,,,"キング管弦楽団",,,,"記載なし",,"記載なし",,"篠原正雄","キング",57019,4551,1941,"大政翼賛会撰定",,,
"03","管弦楽","大政翼賛行進曲","キング管弦楽団",,,,,,,"キング管弦楽団",,,,"記載なし",,"記載なし",,"宇賀神味津男","キング",57019,4555,1941,"大政翼賛会撰定",,,
"10","決戦国民歌","頑張りどころだ","林伊佐緒","近衛八郎","井口小夜子
","横山郁子","キング合唱団",,,"キング管弦楽団",,,,"山添花秋",,"大村能章",,"大村能章","キング",67014,5015,1942,"読売新聞社撰定・大政翼賛会推薦",,,
"10","決戦の歌","進め一億火の玉だ","ヴォーカル・フォア合唱団",,,,,,,"キング管弦楽団",,,,"大政翼賛会",,"大政翼賛会",,"篠原正雄","キング",67014,5042,1942,,,,
"01","歌謡曲","軍国の乙女","井口小夜子",,,,,,,"キング管弦楽団",,,,"江崎小秋",,"細川潤一",,"細川潤一","キング",47049,4350,1940,,,,
"01","歌謡曲","大陸花嫁の歌","佐々木郁子",,,,,,,"キング管弦楽団",,,,"江崎小秋",,"大村能章",,"大村能章","キング",47049,4351,1940,,,,
"07","愛国童謡","戦地ノオ父サマカラ","木村百合子",,,,,,,"キング管弦楽団",,,,"松村又一",,"長妻完至",,,"キング",20147,2521,"不詳","東京中央放送局撰定",,,
"07","愛国童謡","日ノ丸部隊長","小坂勝也",,,,,,,"キング管弦楽団",,,,"西岡水朗",,"長妻完至",,,"キング",20147,2520,"不詳",,,,
"01","流行歌","玄海しぶき","塩 まさる",,,,,,,"キング管弦楽団",,,,"島田芳文",,"佐藤長助",,"佐藤長助","キング",20130,2327,1938,,,,
"01","流行歌","別れの君が代","樋口静雄","高城日出子","他",,,,,"キング管弦楽団",,,,"佐藤惣之助",,"細川潤一",,"細川潤一","キング",20130,2340,1938,,,,
"06","映画主題歌","未来花の歌","渡辺光子",,,,,,,"キング管弦楽団",,,,"西條八十",,"田村しげる",,,"キング","K224-A",,1933,"日活映画『未来花の歌』主題歌",,,
"06","映画主題歌","千夜子の歌","丸山和歌子",,,,,,,"キング管弦楽団",,,,"西條八十",,"田村しげる",,,"キング","K224-B",,1933,"日活映画『未来花の歌』主題歌",,,
"01","流行歌","明日は上陸","松平不二男",,,,,,,"キング管弦楽団",,,,"石松秋二",,"江口夜詩",,,"キング","K180-A",,1932,,,,
"01","流行歌","乙女ごころ","丸山和歌子",,,,,,,"キング・ストリング・クラブ",,,,"石松秋二",,"江口夜詩",,,"キング","K180-B",,1932,,,,
"01","新小唄","家庭おどり","新橋喜代三",,,,,,,"キング和洋合奏団",,,,"西岡水朗",,"田村しげる",,,"キング","K438-A",,1935,,,,
"01","新小唄","八丈娘の唄","権藤円立",,,,,,,"キング管弦楽団",,,,"鐸木 孝",,"瀧 俊二郎",,,"キング","K438-B",,1935,,,,
"01","流行歌","マストの船唄","松平不二男",,,,,,,"キング・サロン・オーケストラ",,,,"鹿山映二郎",,"竹岡信幸",,,"キング","K248-A",,1933,,,,
"01","流行歌","お手紙頂戴","丸山和歌子",,,,,,,"キング・サロン・オーケストラ",,,,"浜野耕一",,"竹岡信幸",,,"キング","K248-B",,1933,,,,
"01","流行歌","旅の夜船","松平不二男",,,,,,,"キング・ストリング・クラブ",,,,"浜野耕一",,"田村しげる",,,"キング","K191-A",,1932,,,,
"01","流行歌","唄え！想出（スーベニール）","弥生ひばり",,,,,,,"キング・ストリング・クラブ",,,,"鹿山映二郎",,"竹岡信幸",,,"キング","K191-B",,1932,,,,
"01","流行歌","別れの夜霧","東海林太郎",,,,,,,"キング・サロン・オーケストラ",,,,"島田磬也",,"北村 輝",,,"キング","K495-A",,1935,,,,
"01","流行歌","朝の牧場に","東海林太郎",,,,,,,"キング・サロン・オーケストラ",,,,"江崎香風",,"小股ひさし",,,"キング","K495-B",,1935,,,,
"01","流行歌","月影淡く","橋本一郎",,,,,,,"キング・サロン・オーケストラ",,,,"高橋 実",,"細川潤一",,,"キング","K540-A",,1935,,,,
"01","流行歌","柳散る頃","松島詩子",,,,,,,"キング・サロン・オーケストラ",,,,"野村俊夫",,"山口俊郎",,,"キング","K540-B",,1935,,,,
"01","新小唄","君が代踊り","朝居丸子",,,,,,,"日本橋姫松(三絃)","日本橋勢以子(三絃)","キング和洋合奏団","杉山長谷夫（指揮）","川口綾水",,"杉山長谷夫",,,"キング","K6-A",,1931,"杉山長谷夫＝杉山長谷雄",,,
"01","新小唄","浪路はるかに","内田栄一",,,,,,,"キング・ジャズ・バンド",,,,"森坂清輝",,"杉山長谷夫",,,"キング","K6-B",,1931,"杉山長谷夫＝杉山長谷雄　K274-Aと同じ歌か？",,,
"10","判読できず","花の日本","朝居丸子",,,,,,,"キング和洋合奏団",,,,"西見哲代",,"佐々木 英",,,"キング","K12-A",,1931,,,,
"11","判読できず","旅は道づれ","吉田満喜子",,,,,,,"キング和洋合奏団",,,,"江崎武雄",,"町田嘉章",,,"キング","K12-B",,1931,,,,
"01","流行歌","城ヶ島夜曲","東海林太郎",,,,,,,"キング・サロン・オーケストラ",,,,"浜野耕一",,"竹岡信幸",,,"キング","K360-A",,1934,,,,
"01","流行歌","波と共に","渡辺光子",,,,,,,"キング・サロン・オーケストラ",,,,"浜野耕一",,"竹岡信幸",,,"キング","K360-B",,1934,,,,
"01","新小唄","日本音頭","浅草吉奴",,,,,,,"キング和洋合奏団",,,,"西條八十",,"竹岡信幸",,,"キング","K305-A",,1934,,,,
"01","新小唄","日本音頭","権藤円立",,,,,,,"キング和洋合奏団",,,,"西條八十",,"竹岡信幸",,,"キング","K305-B",,1934,,,,
"01","流行歌","山は夕焼け","東海林太郎",,,,,,,"キング・サロン・オーケストラ",,,,"岡田千秋",,"田村しげる",,,"キング","K385-A",,1934,,,,
"01","流行歌","潮来の雨","松島詩子",,,,,,,"キング・サロン・オーケストラ",,,,"松村又一",,"田村しげる",,,"キング","K385-B",,1934,,,,
"01","流行歌","君泣けば","渡辺光子",,,,,,,"キング管弦楽団",,,,"西條八十",,"江口夜詩",,,"キング","K215-A",,1933,"フォックストロット",,,
"01","流行歌","涙なき国へ","松平不二男",,,,,,,"キング管弦楽団",,,,"西條八十",,"江口夜詩",,,"キング","K215-B",,1933,"フォックストロット",,,
"01","流行歌","日像月像－嘆きの青空－","東海林太郎",,,,,,,"キング・サロン・オーケストラ",,,,"サトウハチロー",,"田村しげる",,,"キング","K435-A",,1935,"『日像月像』主題歌　映画主題歌か？",,,
"01","流行歌","恋の鸚鵡（オウム）","松島詩子",,,,,,,"キング・サロン・オーケストラ",,,,"サトウハチロー",,"田村しげる",,,"キング","K435-B",,1935,"『日像月像』主題歌　映画主題歌か？",,,
"01","流行歌","女の友情ー綾乃の子守唄ー","東海林太郎",,,,,,,"キング・サロン・オーケストラ",,,,"久保田宵二",,"田村しげる",,,"キング","K410-A",,1934,,,,
"01","流行歌","女の友情の唄","松島詩子","山野美和子",,,,,,"キング・サロン・オーケストラ",,,,"吉屋信子",,"田村しげる",,,"キング","K410-B",,1934,,,,
"01","流行歌","北の国境線","東海林太郎",,,,,,,"キング・サロン・オーケストラ",,,,"横沢千秋",,"細川潤一",,,"キング","K562-A",,1936,,,,
"01","流行歌","馬は野を行く","東海林太郎",,,,,,,"キング・サロン・オーケストラ",,,,"宮本吉次",,"鳴瀬純平",,,"キング","K562-B",,1936,,,,
"01","流行小唄","ジャワは極楽","朝居丸子",,,,,,,"日本橋姫松(三絃)","日本橋勢以子(三絃)","キング和洋合奏団","杉山長谷夫（指揮）","安見龍夫",,"杉山長谷夫",,,"キング","K5-A",,1931,"杉山長谷夫＝杉山長谷雄",,,
"01","流行小唄","ジャワ・メロディー","淡谷のり子",,,,,,,"キング・ジャズ・バンド",,,,"西岡水朗",,"杉山長谷夫",,,"キング","K5-B",,1931,"杉山長谷夫＝杉山長谷雄",,,
"06","映画主題歌","母をたずねて","東海林太郎",,,,,,,"キング・サロン・オーケストラ",,,,"時雨音羽",,"田村しげる",,,"キング","K402-A",,1934,"仏蘭西（フランス）映画『母の手』主題歌",,,
"06","映画主題歌","母の手に","松島詩子",,,,,,,"キング・サロン・オーケストラ",,,,"時雨音羽",,"田村しげる",,,"キング","K402-B",,1934,"仏蘭西（フランス）映画『母の手』主題歌",,,
"01","流行歌","巴里（パリ）の夢","永田絃次郎",,,,,,,"キング・サロン・オーケストラ",,,,"サトウハチロー",,"田村しげる",,,"キング","K488-A",,1935,"吉屋信子原作『巴里の夢』主題歌",,,
"01","流行歌","追憶の薔薇","松島詩子",,,,,,,"キング・サロン・オーケストラ",,,,"サトウハチロー",,"田村しげる",,,"キング","K488-B",,1935,"吉屋信子原作『巴里の夢』主題歌",,,
"08","民謡","舟唄","三島一声",,,,,,,"キング管弦楽団",,,,"海老沢久太郎",,"佐々木 英",,,"キング","K10-A",,1931,,,,
"08","民謡","沖のかもめ","羽衣歌子",,,,,,,"キング管弦楽団",,,,"西尾芳喬",,"堀内敬三",,,"キング","K10-B",,1931,,,,
"01","流行歌","キャラバンの鈴","東海林太郎",,,,,,,"キング・サロン・オーケストラ",,,,"川島芳子",,"杉山長谷夫",,,"キング","K294-A",,1933,"杉山長谷夫＝杉山長谷雄",,,
"01","流行歌","蒙古の娘","渡辺光子",,,,,,,"キング・サロン・オーケストラ",,,,"川島芳子",,"杉山長谷夫",,,"キング","K294-B",,1933,"杉山長谷夫＝杉山長谷雄",,,
"01","流行歌","さすらいの恋唄","東海林太郎",,,,,,,"キング・サロン・オーケストラ",,,,"岡田千秋",,"田村しげる",,,"キング","K551-A",,1935,,,,
"01","流行歌","それも思い出","東海林太郎","松島詩子",,,,,,"キング・サロン・オーケストラ",,,,"松村又一",,"田村しげる",,,"キング","K551-B",,1935,,,,
"01","流行歌","風見鳥の唄","東海林太郎",,,,,,,"キング・サロン・オーケストラ",,,,"サトウハチロー",,"堀内敬三",,,"キング","K515-A",,1935,"松竹トーキー『双心臓』主題歌",,,
"01","流行歌","路子の唄","松島詩子",,,,,,,"キング・サロン・オーケストラ",,,,"サトウハチロー",,"堀内敬三",,,"キング","K515-B",,1935,"松竹トーキー『双心臓』主題歌",,,
"01","新民謡","日の丸音頭","福助福々",,,,,,,"キング和洋合奏団",,,,"川口綾水",,"小松平五郎",,,"キング","K11-A",,1931,,,,
"01","新民謡","水平線よ","淡谷のり子",,,,,,,"国民交響管弦楽団　",,,,"幸坂佳都夫",,"小松平五郎",,,"キング","K11-B",,1931,,,,
"01","ナンセンス流行歌","お嫁さんもらうなら","古川緑波",,,,,,,"キング・ジャズ・バンド",,,,"サトウハチロー",,"竹岡信幸",,,"キング","K343-A",,1934,,,,
"01","ナンセンス流行歌","お婿さんもらうなら","古川緑波",,,,,,,"キング・ジャズ・バンド",,,,"サトウハチロー",,"竹岡信幸",,,"キング","K343-B",,1934,,,,
"01","新民謡","浪路はるかに","山下彬麿",,,,,,,"キング管弦楽団",,,,"森坂清輝",,"杉山はせを",,,"キング","K274-A",,1933,"杉山はせを＝杉山長谷夫＝杉山長谷雄　K6-Bと同じ歌か？",,,
"01","新民謡","旅は道づれ","欠畑貞子",,,,,,,"キング管弦楽団",,,,"江崎武雄",,"町田嘉章",,,"キング","K274-B",,1933,,,,
"01","流行歌","雲とつばさ","東海林太郎",,,,,,,"キング管弦楽団",,,,"時雨音羽",,"田村しげる",,,"キング","K463-A",,1935,"ワーナー映画『雲とつばさ』主題歌",,,
"01","流行歌","愛の翼","松島詩子",,,,,,,"キング管弦楽団",,,,"時雨音羽",,"田村しげる",,,"キング","K463-B",,1935,"ワーナー映画『雲とつばさ』主題歌",,,
"01","流行歌","あこがれ","渡瀬春枝",,,,,,,"キング・マンドリン・クラブ",,,,"三上於莬吉",,"江口夜詩",,,"キング","K169-A",,1932,"渡瀬春枝は渡辺光子の別名",,,
"01","流行歌","島で一夜を","松平不二男",,,,,,,"キング・マンドリン・クラブ",,,,"浜野耕一",,"江口夜詩",,,"キング","K169-B",,1932,,,,
"01","歌謡曲","ジョホールバルの丘の上","松島詩子",,,,,,,"キング管弦楽団",,,,"松村又一",,"草笛圭三",,,"キング",67050,5237,1942,,,,
"01","歌謡曲","山上の星","春海美子","キング女声合唱団",,,,,,"キング管弦楽団",,,,"山村牧夫",,"飯田三郎",,"飯田三郎","キング",67050,5242,1942,,,,
"01","歌謡曲","悲しがらせないでよ","柴田つる子",,,,,,,"コロムビア オーケストラ",,,,"加藤掠助",,"夢路ひさし",,,"コロムビア","A 126",1209790,,,,"月とモネ","C30"
"01","歌謡曲","窓に影法師","近江俊郎",,,,,,,"コロムビア オーケストラ",,,,"加藤掠助",,"夢路ひさし","濱本進",,"コロムビア","A 126",2209798,,,,"月とモネ","C30"
"01","歌謡曲","紅い手袋","霧島昇",,,,,,,"コロムビア オーケストラ",,,,"サトウハチロー",,"仁木他喜雄",,,"コロムビア","A 99",1209758,,,,"月とモネ","C30"
"01","歌謡曲","笛を吹きませう 月の夜は","柴田つる子",,,,,,,"コロムビア オーケストラ",,,,"藤浦洗",,"仁木他喜雄",,,"コロムビア","A 99",2209752,,,,"月とモネ","C30"
"01","新民謡","博多情歌","久保幸江",,,,,,,"コロムビア オーケストラ",,,,"野村俊夫",,"古賀政男",,,"コロムビア","A 480",2210536,,,,"月とモネ","C30"
"01","新民謡","新炭坑節","高倉 敏","久保幸江",,,,,,"コロムビア オーケストラ",,,,"野村俊夫",,"古賀政男",,"服部逸郎","コロムビア","A 480",1210543,,,,"月とモネ","C30"
"01","歌謡曲","青春の約束","霧島昇","渡邊はま子",,,,,,"コロムビア オーケストラ",,,,"サトウハチロー",,"古賀政男",,"仁木他喜雄","コロムビア","A 194",1209898,,,,"月とモネ","C30"
"01","歌謡曲","嘆きの小鳩","藤山一郎",,,,,,,"サンライズ楽団",,,,"藤蒲洸作",,"古賀政男",,"仁木他喜雄","コロムビア","A 194",2209899,,,,"月とモネ","C30"
"01","歌謡曲","バラのルムバ","二葉あき子",,,,,,,"コロムビア オーケストラ",,,,"村岡まきを",,"服部良一",,,"コロムビア","A 326",1210140,,,,"月とモネ","C30"
"01","歌謡曲","村の娘","村田トシ",,,,,,,"コロムビア オーケストラ",,,,"藤蒲洸作",,,,"古関裕而","コロムビア","A 326",2210110,,,,"月とモネ","C30"
"01","NHKラジオ歌謡","山のけむり","伊藤久男",,,,,,,"コロムビア オーケストラ",,,,"大倉芳郎",,"八洲秀章",,"仁木他喜雄","コロムビア","A 1437",,1952,,"https://search.showakan.go.jp/search/record/detail.php?id=90197533","月とモネ","C30"
"01","流行歌","白樺の宿","奈良光枝",,,,,,,"コロムビア オーケストラ",,,,"横井弘",,"田村しげる",,"田村しげる","コロムビア","A 1437",,1952,,"https://search.showakan.go.jp/search/record/detail.php?id=90197534","月とモネ","C30"
"01","流行歌（詩吟入）","雨の田原坂","神楽坂はん子",,,,,,,"コロムビア オーケストラ",,,,"野村俊夫",,"古賀政男",,,"コロムビア","A 2192",1215612,"1955-01",,,"月とモネ","C30"
"01","流行歌（詩吟入）","男のまごころ","中島孝",,,,,,,"コロムビア オーケストラ",,,,"野村俊夫",,"古賀政男",,,"コロムビア","A 2192",2215736,"1955-01",,,"月とモネ","C30"
"01","流行歌","私何にも知らないわ","星野みよ子",,,,,,,"コロムビア オーケストラ",,,,"西沢爽",,"細田義勝",,,"コロムビア","A 2128",1215516,"1954-10",,,"月とモネ","C30"
"01","流行歌","私は貴男のものなのに","星野みよ子",,,,,,,"コロムビア オーケストラ",,,,"岡田いさみ",,"細田義勝",,,"コロムビア","A 2128",2215730,"1954-10",,,"月とモネ","C30"
"01","流行歌","ほれたホの字","神楽坂玉枝","豊吉（三味線）","豊藤（三味線）",,,,,"コロムビア オーケストラ",,,,"高木勉",,"上原げんと",,,"コロムビア","A 2215",2215837,"1954-12",,,"月とモネ","C30"
"01","流行歌","鶴さん亀さん","久保幸江","（三味線）","（三味線）",,,,,"コロムビア オーケストラ",,,,"西沢爽",,,,"松尾健司","コロムビア","A 2215",1215992,"1954-12",,,"月とモネ","C30"
"06","映画主題歌","おさんとん","泉 友子",,,,,,,"コロムビア オーケストラ",,,,"野村俊夫",,"光山正夫",,"松尾健司","コロムビア","A 2210",2215896,"1954-12","松竹映画『天晴れ浮世道中』主題歌",,"月とモネ","C30"
"06","映画主題歌","浮世道中","北上彌太郎",,,,,,,"コロムビア オーケストラ",,,,"野村俊夫",,"光山正夫",,"松尾健司","コロムビア","A 2210",1215897,"1954-12","松竹映画『天晴れ浮世道中』主題歌",,"月とモネ","C30"
"01","流行歌","儚きロマンス","伊藤久男",,,,,,,"コロムビア・ハモンド・オルガン・アンサンブル",,,,"藤山純一郎",,"古関裕而",,,"コロムビア","A 2236",2215931,"1955-03","雑誌「平凡」懸賞当選歌詞",,"月とモネ","C30"
"01","流行歌","あなたがくれたオルゴール","池眞理子",,,,,,,"コロムビア・ハモンド・オルガン・アンサンブル",,,,"戸枝ひろし",,"古関裕而",,,"コロムビア","A 2236",1215915,"1955-03","雑誌「平凡」懸賞当選歌詞",,"月とモネ","C30"
"06","映画主題歌","恋の旅路","青木光一","コロムビア・ローズ",,,,,,"コロムビア オーケストラ",,,,"西條八十",,"万城目正",,"田代与志","コロムビア","A 2235",2216643,"1955-08","松竹映画「かりそめの唇」主題歌",,"月とモネ","C30"
"06","映画主題歌","かりそめ唇","コロムビア・ローズ",,,,,,,"コロムビア オーケストラ",,,,"西條八十",,"万城目正",,"田代与志","コロムビア","A 2235",1216644,"1955-08","松竹映画「かりそめの唇」主題歌",,"月とモネ","C30"
"06","映画主題歌","やくざ若衆","中村錦之助","米川敏子（琴）",,,,,,"コロムビア オーケストラ",,,,"西條八十",,"上原げんと",,,"コロムビア","A 2230",1246074,"1955-08","東映映画「やくざ若衆」主題歌",,"月とモネ","C30"
"06","映画主題歌","お役者がらす","中島孝","島倉千代子","豊吉（三味線）","豊藤（三味線）",,,,"コロムビア オーケストラ",,,,"西條八十",,"上原げんと",,,"コロムビア","A 2230",2216078,"1955-08","東映映画「やくざ若衆」主題歌",,"月とモネ","C30"
"01","流行歌","月のおけさ船","青木光一",,,,,,,"コロムビア オーケストラ",,,,"石本美由起",,"平山英夫",,,"コロムビア","A 2440",1216850,"1955-12",,,"月とモネ","C30"
"06","映画主題歌","港の乾杯","青木光一",,,,,,,"コロムビア オーケストラ",,,,"石本美由起",,"平山英夫",,,"コロムビア","A 2440",2216957,"1955-12","日活映画『港の乾杯』主題歌",,"月とモネ","C30"
"01","流行歌","爪弾きタンゴ","神楽坂はん子","豊吉（三味線）","豊藤（三味線）",,,,,"コロムビア オーケストラ",,,,"野村俊夫",,"原 六朗",,,"コロムビア","A 2161",1215766,"1954-12",,,"月とモネ","C30"
"01","流行歌","芸者ララ","神楽坂はん子","豊吉（三味線）","豊藤（三味線）",,,,,"コロムビア オーケストラ",,,,"野村俊夫",,"原 六朗",,,"コロムビア","A 2161",2215791,"1954-12",,,"月とモネ","C30"
"06","映画主題歌","緋牡丹記","青木光一","コロムビア・ローズ",,,,,,"コロムビア オーケストラ",,,,"野村俊夫",,"古賀政男",,,"コロムビア","A 2290",121629,"1955-04","新東宝「緋牡丹記」主題歌、 「婦人生活」連載 明色桃谷順天館提供・ニッポン放送 ",,"月とモネ","C30"
"06","映画主題歌","憧れは空の彼方に","中島孝","京町香江",,,,,,"コロムビア オーケストラ",,,,"野村俊夫",,"古賀政男",,,"コロムビア","A 2290",221628,"1955-04","新東宝「緋牡丹記」主題歌、 「婦人生活」連載 明色桃谷順天館提供・ニッポン放送 ",,"月とモネ","C30"
"01","流行歌","プリンセス・ワルツ","コロムビア・ローズ",,,,,,,"コロムビア オーケストラ",,,,"門田ゆたか",,"原 六朗",,,"コロムビア","A 2874",1218602,"1957-10",,,"月とモネ","C30"
"01","流行歌","黄色い枯葉","宝田明",,,,,,,"コロムビア オーケストラ",,,,"原 六朗",,"原 六朗",,,"コロムビア","A 2874",2218607,"1957-10",,,"月とモネ","C30"
"01","流行歌","山びこの歌もなつかし","鳴海日出夫",,,,,,,"コロムビア オーケストラ",,,,"岡倉輝美",,"田村しげる",,,"コロムビア","A 2239",2215930,"1955-03","雑誌「平凡」懸賞当選歌詞",,"月とモネ","C30"
"01","流行歌","野菊の小径","岡本敦郎",,,,,,,"コロムビア オーケストラ",,,,"石川紫水",,"八洲秀章",,,"コロムビア","A 2239",1215883,"1955-03","雑誌「平凡」懸賞当選歌詞",,"月とモネ","C30"
"01","流行歌","ゲイシャ甚句","神楽坂はん子","豊吉（三味線）","豊藤（三味線）",,,,,"コロムビア オーケストラ",,,,"西條八十",,"古賀政男",,,"コロムビア","A 2039",1214901,"1954-07",,,"月とモネ","C30"
"01","流行歌","みんな私が悪いのよ","神楽坂はん子","豊吉（三味線）","豊藤（三味線）",,,,,"コロムビア オーケストラ",,,,"野村俊夫",,"古賀政男",,,"コロムビア","A 2039",2215284,"1954-07",,,"月とモネ","C30"
"06","映画主題歌","恋の風ぐるま","高千穂ちづる",,,,,,,"コロムビア オーケストラ",,,,"関沢新一",,"万城目正",,"松尾健司","コロムビア","A 2150",2215728,"1954-10","東映映画『満月狸ばやし』主題歌",,"月とモネ","C30"
"06","映画主題歌","狸十三夜","コロムビア・ローズ","コロムビア男声合唱団",,,,,,"コロムビア オーケストラ",,,,"関沢新一",,"万城目正",,"松尾健司","コロムビア","A 2150",1215721,"1954-10","東映映画『満月狸ばやし』主題歌",,"月とモネ","C30"
"06","映画主題歌","裕子の歌","奈良光枝",,,,,,,"コロムビア オーケストラ",,,,"大林清",,"中田喜直",,,"コロムビア","A 2038",2215281,"1954-06","NHK連続放送劇・日活映画「かくて夢あり」主題歌",,"月とモネ","C30"
"06","映画主題歌","かくて夢あり","青木光一",,,,,,,"コロムビア オーケストラ",,,,"西條八十",,"古賀政男",,,"コロムビア","A 2038",1215279,"1954-06",,,"月とモネ","C30"
"01","流行歌","湯の国だより","青木光一","島倉千代子",,,,,,"コロムビア オーケストラ",,,,"池田真琴","石本美由起","上原げんと",,,"コロムビア","A 2407",1216853,"1955-10","北陸温泉協会・金沢鉄道管理局 北國新聞社・富山新聞社・福井新聞社",,"月とモネ","C30"
"01","流行歌","湯女はいとし","コロムビア・ローズ",,,,,,,"コロムビア オーケストラ",,,,"石本美由起",,"上原げんと",,,"コロムビア","A 2407",2216854,"1955-10",,,"月とモネ","C30"
"01","新民謡","浪花ばやし","青木光一","神楽坂はん子","豊吉（三味線）","豊藤（三味線）",,,,"コロムビア オーケストラ",,,,"西條八十",,"古賀政男",,,"コロムビア","A 2014",2215257,"1954-05","読売新聞社選定",,"月とモネ","C30"
"01","新民謡","浪花情歌","神楽坂はん子","豊吉（三味線）","豊藤（三味線）",,,,,"コロムビア オーケストラ",,,,"西條八十",,"古賀政男",,,"コロムビア","A 2014",1215256,"1954-05","読売新聞社選定",,"月とモネ","C30"
"01","流行歌","夜霧のガス燈","コロムビア・ローズ",,,,,,,"コロムビア オーケストラ",,,,"石本美由起",,"上原げんと",,,"コロムビア","A 2914",,1955,,,"月とモネ","C30"
"01","流行歌","涙の終列車","青木光一",,,,,,,"コロムビア オーケストラ",,,,"石本美由起",,"上原げんと",,,"コロムビア","A 2914",1215589,1955,,,"月とモネ","C30"
"06","映画主題歌","春はめぐれど！","宮城野由美子",,,,,,,"コロムビア オーケストラ",,,,"西條八十",,"米山正夫",,"松尾健司","コロムビア","A 2045",2215318,"1954-06","日活映画「学生心中」主題歌",,"月とモネ","C30"
"06","映画主題歌","山に散る花","青木光一","宮城野由美子",,,,,,"コロムビア オーケストラ",,,,"西條八十",,"米山正夫",,"松尾健司","コロムビア","A 2045",1215317,"1954-06","日活映画「学生心中」主題歌",,"月とモネ","C30"
"01","流行歌","天龍がらす","高田浩吉","豊吉（三味線）","豊藤（三味線）",,,,,"コロムビア オーケストラ",,,,"石本美由起",,"上原げんと",,,"コロムビア","A 2040",1215073,"1954-07",,,"月とモネ","C30"
"01","流行歌","勘太郎小唄","神楽坂はん子",,,,,,,"コロムビア オーケストラ",,,,"原田善也","石本美由起","上原げんと",,,"コロムビア","A 2040",2215058,"1954-07",,,"月とモネ","C30"
"01","流行歌","サーカスの唄","青木光一",,,,,,,"コロムビア オーケストラ",,,,"西條八十",,"古賀政男",,,"コロムビア","A 1518",2213218,,,,"月とモネ","C30"
"01","流行歌","あゝそれなのに","神楽坂はん子",,,,,,,"コロムビア オーケストラ",,,,"サトウハチロー",,"古賀政男",,,"コロムビア","A 1518",1213252,,,,"月とモネ","C30"
"06","映画主題歌","夜のひなばし","二葉あき子",,,,,,,"コロムビア オーケストラ",,,,"西條八十",,"古賀政男",,"仁木他喜雄","コロムビア","A 563",2210748,,"ブルース・新東宝映画「人間模様」主題歌",,"月とモネ","C30"
"06","映画主題歌","人間模様","霧島昇",,,,,,,"コロムビア オーケストラ",,,,"西條八十",,"古賀政男",,,"コロムビア","A 563",1210749,,"フォックストロット・新東宝映画「人間模様」主題歌",,"月とモネ","C30"
"01","流行歌","キャラバンの太鼓","伊藤久男","コロムビア合唱団",,,,,,"コロムビア オーケストラ",,,,"米山正夫",,"米山正夫",,,"コロムビア","A 2417",1216729,"1955-12",,,"月とモネ","C30"
"01","流行歌","マムボ・アフリカーナ","織井茂子","コロムビア合唱団",,,,,,"コロムビア オーケストラ",,,,"米山正夫",,"米山正夫",,"福田正","コロムビア","A 2417",2216931,"1955-12",,,"月とモネ","C30"
"01","流行歌","拝啓僕です","青木光一",,,,,,,"コロムビア オーケストラ",,,,"関沢新一",,"上原げんと",,,"コロムビア","A 2216",1215932,"1955-02",,,"月とモネ","C30"
"01","流行歌","別れの雨","コロムビア・ローズ",,,,,,,"コロムビア オーケストラ",,,,"関沢新一",,"上原げんと",,,"コロムビア","A 2216",2215933,"1955-02",,,"月とモネ","C30"
"01","流行歌","さすらい役者","霧島昇",,,,,,,"コロムビア オーケストラ",,,,"上尾美代志",,"米山正夫",,,"コロムビア","A 2235",2215942,"1955-03","雑誌「平凡」懸賞当選歌詞",,"月とモネ","C30"
"01","流行歌","湯島月夜","美空ひばり",,,,,,,"コロムビア オーケストラ",,,,"猪又 良",,"米山正夫",,,"コロムビア","A 2235",1215872,"1955-03","雑誌「平凡」懸賞当選歌詞",,"月とモネ","C30"
"01","流行歌","好いて好かれて","神楽坂玉枝","山中ひろし","豊久（三味線）","豊〇（三味線）",,,,"コロムビア オーケストラ",,,,"野村俊夫",,"古賀政男",,,"コロムビア","A 1965",2215125,,,,"月とモネ","C30"
"06","映画主題歌","こんな美男子(ハンサム)見たことない","神楽坂はん子","コロムビア男声合唱団",,,,,,"コロムビア オーケストラ",,,,"石本美由起",,"古賀政男",,,"コロムビア","A 1965",1215089,,"大映映画「こんな美男子見たことない」主題歌",,"月とモネ","C30"
"08","琉球民謡","興那国の子猫","鶴田六郎","コロムビア合唱団",,,,,,"コロムビア オーケストラ",,,,"金井喜久子(探譜)",,"金井喜久子(探譜)",,"松尾健司","コロムビア","A 1989",2213973,,,,"月とモネ","C30"
"08","琉球民謡","谷茶雨(タンチャメ)の濱","松田トシ","コロムビア女声合唱団",,,,,,"コロムビア オーケストラ",,,,"金井喜久子(探譜)",,"金井喜久子(探譜)",,"松尾健司","コロムビア","A 1989",1213936,,,,"月とモネ","C30"
"01","流行歌","利根の朝霧","永田とよ子",,,,,,,"コロムビア オーケストラ",,,,"石川紫水",,"大村能章",,,"コロムビア","A 1628",2213696,,"雑誌「平凡」懸賞当選歌詞",,"月とモネ","C30"
"01","流行歌","瀬戸の花嫁","鶴田六郎",,,,,,,"コロムビア オーケストラ",,,,"石原夢人",,"米山正夫",,,"コロムビア","A 1628",1213700,,"雑誌「平凡」懸賞当選歌詞",,"月とモネ","C30"
"01","流行歌","涙のグラス","鳴海日出夫",,,,,,,"コロムビア オーケストラ",,,,"野村俊夫",,"石毛長二郎",,"田村しげる","コロムビア","A 1886",2214715,,"雑誌「平凡」作曲募集入選作品",,"月とモネ","C30"
"01","流行歌","月の出る丘","樋川美代子",,,,,,,"コロムビア オーケストラ",,,,"西條八十",,"三島清正",,"米山正夫","コロムビア","A 1886",1214604,,"雑誌「平凡」作曲募集入選作品",,"月とモネ","C30"
"01","流行歌","港の町よさようなら","霧島昇",,,,,,,"コロムビア オーケストラ",,,,"野村俊夫",,"古賀政男",,,"コロムビア","A 1701",2213979,,,,"月とモネ","C30"
"01","流行歌","恋の坂道","池真理子",,,,,,,"コロムビア オーケストラ",,,,"石本美由起",,"古賀政男",,,"コロムビア","A 1701",1214023,,,,"月とモネ","C30"
,,,,,,,,,,,,,,,,,,,"コロムビア","A 1971 A",,,"見本盤",,"月とモネ","C30"
,,,,,,,,,,,,,,,,,,,"コロムビア","A 1971 B",,,"見本盤",,"月とモネ","C30"
"01","流行歌","流転の月","青木光一",,,,,,,"コロムビア オーケストラ",,,,"牧 喜代司",,"船尾勇雄",,"大村能章","コロムビア","A 1585",2213315,,,,"月とモネ","C30"
"01","流行歌","博多ながし唄","久保幸江",,,,,,,"コロムビア オーケストラ",,,,"奥野椰子夫",,,,"大村能章","コロムビア","A 1585",1213476,,,,"月とモネ","C30"
"06","映画主題歌","燃ゆる花びら","若原春江",,,,,,,,,,,"山田典吾",,"原 六朗",,,"コロムビア","A 1908",2214870,,"現代プロ「燃ゆる上海」主題歌 カタログ番号は推測",,"月とモネ","C30"
"06","映画主題歌","ルムバ上海"," 胡美芳","コロムビア合唱団",,,,,,"コロムビア オーケストラ",,,,"原 六朗",,"原 六朗",,,"コロムビア","A 1908",,,"現代プロ「燃ゆる上海」主題歌 カタログ番号は推測",,"月とモネ","C30"
"06","映画主題歌","君の名は","織井茂子 ",,,,,,,"コロムビア オーケストラ",,,,"菊田一夫 ",,"古関裕而",,,"コロムビア","A 1753",1214293,,"松竹映画「君の名は」主題歌",,"月とモネ","C30"
"06","映画主題歌","君、愛しき人よ","伊藤久男",,,,,,,"コロムビア オーケストラ",,,,"菊田一夫 ",,"古関裕而",,,"コロムビア","A 1753",2214294,,"松竹映画「君の名は」主題歌",,"月とモネ","C30"
"01","流行歌","チャイナの波止場","コロムビア・ローズ","若山彰",,,,,,"コロムビア オーケストラ",,,,"星野哲郎",,"竹岡信幸",,"松尾健司","コロムビア","A 1629",2213734,,"雑誌「平凡」当選歌詞",,"月とモネ","C30"
"01","流行歌","泣くな小鳥のかもめ鳥","霧島昇",,,,,,,"コロムビア オーケストラ",,,,"中村初則",,"上原げんと",,,"コロムビア","A 1629",1213699,,"雑誌「平凡」当選歌詞",,"月とモネ","C30"
"01","流行歌","元気でねまた会おう","青木光一",,,,,,,"コロムビア オーケストラ",,,,"野村俊夫",,"三界稔",,,"コロムビア","A 1859",1214558,,,,"月とモネ","C30"
"01","流行歌","恋のシュンガ、シュンガ","神楽坂はん子",,,,,,,"コロムビア オーケストラ",,,,"西條八十",,"三界稔",,,"コロムビア","A 1859",2214415,,,,"月とモネ","C30"
"01","流行歌","青春無情","山中ひろし",,,,,,,"コロムビア オーケストラ",,,,"野村俊夫",,"永吉正澄",,"大村能章","コロムビア","A 1887",1214640,,"雑誌「平凡」作曲募集入選作品",,"月とモネ","C30"
"01","流行歌","故郷を離れて","千代田照子",,,,,,,"コロムビア オーケストラ",,,,"奥山靉",,"中野静雄",,"馬渡誠一","コロムビア","A 1887",2214709,,"雑誌「平凡」作曲募集入選作品",,"月とモネ","C30"
"01","流行歌","東京の恋歌","鳴海日出夫",,,,,,,"コロムビア オーケストラ",,,,"石本美由起",,"平山英夫",,,"コロムビア","A 1847",221453,,"「噢」の字は当てずっぽう",,"月とモネ","C30"
"01","流行歌","東京のワルツ","千代田照子",,,,,,,"コロムビア オーケストラ",,,,"西沢義久",,"服部レイモンド ",,"服部レイモンド ","コロムビア","A 1847",,,,,"月とモネ","C30"
"01","流行歌","港の縄のれんが","鶴田六郎",,,,,,,"コロムビア オーケストラ",,,,"奥野椰子夫",,"服部良一",,,"コロムビア","A 1547",2213406,,,,"月とモネ","C30"
"01","流行歌","ごきげんネ","久保幸江",,,,,,,"コロムビア オーケストラ",,,,"丘十四夫",,"服部良一",,,"コロムビア","A 1547",1212950,,,,"月とモネ","C30"
